"","SpawnBio_om","Recruit_0_om","F_om","SpawnBio_em","Recruit_0_em","F_em","scenario","replicate","B","D","E","F","I","species","year","ID"
"1",4084110000,155131000,0,3767960000,120446000,0,"B0-D1-E991-F1-I1-cod",1,"B0","D1","E991","F1","I1","cod",1,"B0-D1-E991-F1-I1-cod-1"
"2",4084110000,174064000,0,3767960000,119733000,0,"B0-D1-E991-F1-I1-cod",1,"B0","D1","E991","F1","I1","cod",2,"B0-D1-E991-F1-I1-cod-1"
"3",4091070000,105101000,0,3766550000,118964000,0,"B0-D1-E991-F1-I1-cod",1,"B0","D1","E991","F1","I1","cod",3,"B0-D1-E991-F1-I1-cod-1"
"4",4121050000,28647400,0,3761390000,118124000,0,"B0-D1-E991-F1-I1-cod",1,"B0","D1","E991","F1","I1","cod",4,"B0-D1-E991-F1-I1-cod-1"
"5",4159100000,141111000,0,3752470000,117204000,0,"B0-D1-E991-F1-I1-cod",1,"B0","D1","E991","F1","I1","cod",5,"B0-D1-E991-F1-I1-cod-1"
"6",4145440000,53683200,0,3739990000,116196000,0,"B0-D1-E991-F1-I1-cod",1,"B0","D1","E991","F1","I1","cod",6,"B0-D1-E991-F1-I1-cod-1"
"7",4080160000,73189500,0,3724390000,115090000,0,"B0-D1-E991-F1-I1-cod",1,"B0","D1","E991","F1","I1","cod",7,"B0-D1-E991-F1-I1-cod-1"
"8",3998210000,110772000,0,3706170000,113875000,0,"B0-D1-E991-F1-I1-cod",1,"B0","D1","E991","F1","I1","cod",8,"B0-D1-E991-F1-I1-cod-1"
"9",3871450000,140683000,0,3685760000,112542000,0,"B0-D1-E991-F1-I1-cod",1,"B0","D1","E991","F1","I1","cod",9,"B0-D1-E991-F1-I1-cod-1"
"10",3735490000,169028000,0,3663430000,111084000,0,"B0-D1-E991-F1-I1-cod",1,"B0","D1","E991","F1","I1","cod",10,"B0-D1-E991-F1-I1-cod-1"
"11",3626360000,83293300,0,3639340000,109504000,0,"B0-D1-E991-F1-I1-cod",1,"B0","D1","E991","F1","I1","cod",11,"B0-D1-E991-F1-I1-cod-1"
"12",3571760000,52935500,0,3613490000,107805000,0,"B0-D1-E991-F1-I1-cod",1,"B0","D1","E991","F1","I1","cod",12,"B0-D1-E991-F1-I1-cod-1"
"13",3556820000,95885200,0,3585830000,106073000,0,"B0-D1-E991-F1-I1-cod",1,"B0","D1","E991","F1","I1","cod",13,"B0-D1-E991-F1-I1-cod-1"
"14",3523510000,94655600,0,3556230000,104416000,0,"B0-D1-E991-F1-I1-cod",1,"B0","D1","E991","F1","I1","cod",14,"B0-D1-E991-F1-I1-cod-1"
"15",3466280000,39072400,0,3524560000,103030000,0,"B0-D1-E991-F1-I1-cod",1,"B0","D1","E991","F1","I1","cod",15,"B0-D1-E991-F1-I1-cod-1"
"16",3404540000,71623100,0,3490760000,102177000,0,"B0-D1-E991-F1-I1-cod",1,"B0","D1","E991","F1","I1","cod",16,"B0-D1-E991-F1-I1-cod-1"
"17",3323450000,76418300,0,3454970000,102106000,0,"B0-D1-E991-F1-I1-cod",1,"B0","D1","E991","F1","I1","cod",17,"B0-D1-E991-F1-I1-cod-1"
"18",3212850000,102150000,0,3417690000,102938000,0,"B0-D1-E991-F1-I1-cod",1,"B0","D1","E991","F1","I1","cod",18,"B0-D1-E991-F1-I1-cod-1"
"19",3.098e+09,113287000,0,3379860000,105416000,0,"B0-D1-E991-F1-I1-cod",1,"B0","D1","E991","F1","I1","cod",19,"B0-D1-E991-F1-I1-cod-1"
"20",2994770000,94402800,0,3342990000,116069000,0,"B0-D1-E991-F1-I1-cod",1,"B0","D1","E991","F1","I1","cod",20,"B0-D1-E991-F1-I1-cod-1"
"21",2923740000,170622000,0,3309250000,156492000,0,"B0-D1-E991-F1-I1-cod",1,"B0","D1","E991","F1","I1","cod",21,"B0-D1-E991-F1-I1-cod-1"
"22",2884200000,163675000,0,3283560000,144621000,0,"B0-D1-E991-F1-I1-cod",1,"B0","D1","E991","F1","I1","cod",22,"B0-D1-E991-F1-I1-cod-1"
"23",2886340000,158976000,0,3282590000,186577000,0,"B0-D1-E991-F1-I1-cod",1,"B0","D1","E991","F1","I1","cod",23,"B0-D1-E991-F1-I1-cod-1"
"24",2957140000,200777000,0,3319350000,131198000,0,"B0-D1-E991-F1-I1-cod",1,"B0","D1","E991","F1","I1","cod",24,"B0-D1-E991-F1-I1-cod-1"
"25",3078140000,156616000,0,3394090000,119844000,0,"B0-D1-E991-F1-I1-cod",1,"B0","D1","E991","F1","I1","cod",25,"B0-D1-E991-F1-I1-cod-1"
"26",3245640000,73143200,0,3502030000,107348000,0,"B0-D1-E991-F1-I1-cod",1,"B0","D1","E991","F1","I1","cod",26,"B0-D1-E991-F1-I1-cod-1"
"27",3449530000,140818000,0.00432479,3601950000,108043000,0.00421246,"B0-D1-E991-F1-I1-cod",1,"B0","D1","E991","F1","I1","cod",27,"B0-D1-E991-F1-I1-cod-1"
"28",3610970000,174266000,0.00864957,3662930000,110213000,0.00861727,"B0-D1-E991-F1-I1-cod",1,"B0","D1","E991","F1","I1","cod",28,"B0-D1-E991-F1-I1-cod-1"
"29",3700960000,127594000,0.0129744,3675200000,115289000,0.0132189,"B0-D1-E991-F1-I1-cod",1,"B0","D1","E991","F1","I1","cod",29,"B0-D1-E991-F1-I1-cod-1"
"30",3762340000,112706000,0.0172991,3642870000,126547000,0.0181385,"B0-D1-E991-F1-I1-cod",1,"B0","D1","E991","F1","I1","cod",30,"B0-D1-E991-F1-I1-cod-1"
"31",3798750000,86725300,0.0216239,3575380000,141024000,0.0232767,"B0-D1-E991-F1-I1-cod",1,"B0","D1","E991","F1","I1","cod",31,"B0-D1-E991-F1-I1-cod-1"
"32",3789410000,198748000,0.0259487,3487180000,147071000,0.0284301,"B0-D1-E991-F1-I1-cod",1,"B0","D1","E991","F1","I1","cod",32,"B0-D1-E991-F1-I1-cod-1"
"33",3727370000,144101000,0.0302735,3395690000,141031000,0.0332317,"B0-D1-E991-F1-I1-cod",1,"B0","D1","E991","F1","I1","cod",33,"B0-D1-E991-F1-I1-cod-1"
"34",3643780000,77178900,0.0345983,3314760000,72642700,0.038155,"B0-D1-E991-F1-I1-cod",1,"B0","D1","E991","F1","I1","cod",34,"B0-D1-E991-F1-I1-cod-1"
"35",3582790000,79537700,0.0389231,3244820000,111147000,0.04305,"B0-D1-E991-F1-I1-cod",1,"B0","D1","E991","F1","I1","cod",35,"B0-D1-E991-F1-I1-cod-1"
"36",3498290000,131734000,0.0432479,3160420000,105390000,0.0479386,"B0-D1-E991-F1-I1-cod",1,"B0","D1","E991","F1","I1","cod",36,"B0-D1-E991-F1-I1-cod-1"
"37",3365800000,70377700,0.0475726,3042070000,103243000,0.0525028,"B0-D1-E991-F1-I1-cod",1,"B0","D1","E991","F1","I1","cod",37,"B0-D1-E991-F1-I1-cod-1"
"38",3211560000,116193000,0.0518974,2913730000,101358000,0.0572078,"B0-D1-E991-F1-I1-cod",1,"B0","D1","E991","F1","I1","cod",38,"B0-D1-E991-F1-I1-cod-1"
"39",3049760000,107893000,0.0562222,2776470000,98492900,0.0614942,"B0-D1-E991-F1-I1-cod",1,"B0","D1","E991","F1","I1","cod",39,"B0-D1-E991-F1-I1-cod-1"
"40",2874620000,90044200,0.060547,2637190000,91353400,0.0658771,"B0-D1-E991-F1-I1-cod",1,"B0","D1","E991","F1","I1","cod",40,"B0-D1-E991-F1-I1-cod-1"
"41",2715260000,58026500,0.0648718,2499360000,81144300,0.0704601,"B0-D1-E991-F1-I1-cod",1,"B0","D1","E991","F1","I1","cod",41,"B0-D1-E991-F1-I1-cod-1"
"42",2564560000,74172800,0.0691966,2363190000,87285200,0.075076,"B0-D1-E991-F1-I1-cod",1,"B0","D1","E991","F1","I1","cod",42,"B0-D1-E991-F1-I1-cod-1"
"43",2407680000,134390000,0.0735214,2.226e+09,157222000,0.0792253,"B0-D1-E991-F1-I1-cod",1,"B0","D1","E991","F1","I1","cod",43,"B0-D1-E991-F1-I1-cod-1"
"44",2239870000,122553000,0.0778462,2090080000,132560000,0.0829361,"B0-D1-E991-F1-I1-cod",1,"B0","D1","E991","F1","I1","cod",44,"B0-D1-E991-F1-I1-cod-1"
"45",2093770000,116808000,0.0821709,1983330000,84528600,0.0859229,"B0-D1-E991-F1-I1-cod",1,"B0","D1","E991","F1","I1","cod",45,"B0-D1-E991-F1-I1-cod-1"
"46",1993380000,72450800,0.0864957,1927660000,115016000,0.0886284,"B0-D1-E991-F1-I1-cod",1,"B0","D1","E991","F1","I1","cod",46,"B0-D1-E991-F1-I1-cod-1"
"47",1924130000,192859000,0.0908205,1886420000,148580000,0.0925493,"B0-D1-E991-F1-I1-cod",1,"B0","D1","E991","F1","I1","cod",47,"B0-D1-E991-F1-I1-cod-1"
"48",1862470000,106925000,0.0951453,1839700000,105816000,0.0956596,"B0-D1-E991-F1-I1-cod",1,"B0","D1","E991","F1","I1","cod",48,"B0-D1-E991-F1-I1-cod-1"
"49",1820200000,124835000,0.0994701,1810740000,144994000,0.100515,"B0-D1-E991-F1-I1-cod",1,"B0","D1","E991","F1","I1","cod",49,"B0-D1-E991-F1-I1-cod-1"
"50",1817720000,86996800,0.103795,1792270000,151386000,0.10582,"B0-D1-E991-F1-I1-cod",1,"B0","D1","E991","F1","I1","cod",50,"B0-D1-E991-F1-I1-cod-1"
"51",1807790000,202593000,0.10812,1771370000,201988000,0.110381,"B0-D1-E991-F1-I1-cod",1,"B0","D1","E991","F1","I1","cod",51,"B0-D1-E991-F1-I1-cod-1"
"52",1785950000,111099000,0.112444,1767150000,106858000,0.112228,"B0-D1-E991-F1-I1-cod",1,"B0","D1","E991","F1","I1","cod",52,"B0-D1-E991-F1-I1-cod-1"
"53",1769560000,63718200,0.116769,1793780000,68203500,0.114222,"B0-D1-E991-F1-I1-cod",1,"B0","D1","E991","F1","I1","cod",53,"B0-D1-E991-F1-I1-cod-1"
"54",1779100000,55087900,0.121094,1833890000,66358800,0.116845,"B0-D1-E991-F1-I1-cod",1,"B0","D1","E991","F1","I1","cod",54,"B0-D1-E991-F1-I1-cod-1"
"55",1750060000,114808000,0.125419,1824440000,151770000,0.119751,"B0-D1-E991-F1-I1-cod",1,"B0","D1","E991","F1","I1","cod",55,"B0-D1-E991-F1-I1-cod-1"
"56",1669650000,91388000,0.129744,1759150000,91149400,0.122424,"B0-D1-E991-F1-I1-cod",1,"B0","D1","E991","F1","I1","cod",56,"B0-D1-E991-F1-I1-cod-1"
"57",1568740000,75245100,0.134068,1679920000,82863100,0.123821,"B0-D1-E991-F1-I1-cod",1,"B0","D1","E991","F1","I1","cod",57,"B0-D1-E991-F1-I1-cod-1"
"58",1478460000,51550900,0.138393,1618340000,77296100,0.12537,"B0-D1-E991-F1-I1-cod",1,"B0","D1","E991","F1","I1","cod",58,"B0-D1-E991-F1-I1-cod-1"
"59",1387620000,168120000,0.142718,1546170000,155903000,0.127005,"B0-D1-E991-F1-I1-cod",1,"B0","D1","E991","F1","I1","cod",59,"B0-D1-E991-F1-I1-cod-1"
"60",1288560000,60416400,0.147043,1466840000,95757900,0.127553,"B0-D1-E991-F1-I1-cod",1,"B0","D1","E991","F1","I1","cod",60,"B0-D1-E991-F1-I1-cod-1"
"61",1213460000,190432000,0.151368,1407800000,142136000,0.130267,"B0-D1-E991-F1-I1-cod",1,"B0","D1","E991","F1","I1","cod",61,"B0-D1-E991-F1-I1-cod-1"
"62",1175750000,92392200,0.155692,1380140000,89893800,0.131446,"B0-D1-E991-F1-I1-cod",1,"B0","D1","E991","F1","I1","cod",62,"B0-D1-E991-F1-I1-cod-1"
"63",1156820000,45118700,0.160017,1364290000,51705200,0.137493,"B0-D1-E991-F1-I1-cod",1,"B0","D1","E991","F1","I1","cod",63,"B0-D1-E991-F1-I1-cod-1"
"64",1175400000,126441000,0.164342,1355200000,107540000,0.144141,"B0-D1-E991-F1-I1-cod",1,"B0","D1","E991","F1","I1","cod",64,"B0-D1-E991-F1-I1-cod-1"
"65",1157340000,95944600,0.168667,1312490000,128901000,0.149709,"B0-D1-E991-F1-I1-cod",1,"B0","D1","E991","F1","I1","cod",65,"B0-D1-E991-F1-I1-cod-1"
"66",1117900000,124998000,0.168667,1247740000,162904000,0.153067,"B0-D1-E991-F1-I1-cod",1,"B0","D1","E991","F1","I1","cod",66,"B0-D1-E991-F1-I1-cod-1"
"67",1093810000,140722000,0.165867,1202880000,88659000,0.150856,"B0-D1-E991-F1-I1-cod",1,"B0","D1","E991","F1","I1","cod",67,"B0-D1-E991-F1-I1-cod-1"
"68",1080610000,65148900,0.163067,1199190000,62566800,0.145769,"B0-D1-E991-F1-I1-cod",1,"B0","D1","E991","F1","I1","cod",68,"B0-D1-E991-F1-I1-cod-1"
"69",1094640000,82092700,0.160267,1221520000,97911600,0.14522,"B0-D1-E991-F1-I1-cod",1,"B0","D1","E991","F1","I1","cod",69,"B0-D1-E991-F1-I1-cod-1"
"70",1110390000,54206200,0.157467,1216320000,63496800,0.145032,"B0-D1-E991-F1-I1-cod",1,"B0","D1","E991","F1","I1","cod",70,"B0-D1-E991-F1-I1-cod-1"
"71",1099570000,90656400,0.154667,1189950000,98830100,0.143401,"B0-D1-E991-F1-I1-cod",1,"B0","D1","E991","F1","I1","cod",71,"B0-D1-E991-F1-I1-cod-1"
"72",1070630000,79160800,0.151867,1156360000,71884800,0.140504,"B0-D1-E991-F1-I1-cod",1,"B0","D1","E991","F1","I1","cod",72,"B0-D1-E991-F1-I1-cod-1"
"73",1030800000,111610000,0.149067,1117860000,122061000,0.137205,"B0-D1-E991-F1-I1-cod",1,"B0","D1","E991","F1","I1","cod",73,"B0-D1-E991-F1-I1-cod-1"
"74",1000530000,110704000,0.146267,1088700000,105956000,0.134667,"B0-D1-E991-F1-I1-cod",1,"B0","D1","E991","F1","I1","cod",74,"B0-D1-E991-F1-I1-cod-1"
"75",985494000,101377000,0.143467,1071370000,110767000,0.132125,"B0-D1-E991-F1-I1-cod",1,"B0","D1","E991","F1","I1","cod",75,"B0-D1-E991-F1-I1-cod-1"
"76",997285000,176737000,0.140667,1081770000,165817000,0.130303,"B0-D1-E991-F1-I1-cod",1,"B0","D1","E991","F1","I1","cod",76,"B0-D1-E991-F1-I1-cod-1"
"77",1024180000,69938900,0.137867,1104850000,75313600,0.128198,"B0-D1-E991-F1-I1-cod",1,"B0","D1","E991","F1","I1","cod",77,"B0-D1-E991-F1-I1-cod-1"
"78",1078540000,51691200,0.135067,1153940000,48138800,0.127412,"B0-D1-E991-F1-I1-cod",1,"B0","D1","E991","F1","I1","cod",78,"B0-D1-E991-F1-I1-cod-1"
"79",1149050000,49455400,0.132267,1214040000,70488000,0.125798,"B0-D1-E991-F1-I1-cod",1,"B0","D1","E991","F1","I1","cod",79,"B0-D1-E991-F1-I1-cod-1"
"80",1174590000,114063000,0.129467,1231060000,131614000,0.124046,"B0-D1-E991-F1-I1-cod",1,"B0","D1","E991","F1","I1","cod",80,"B0-D1-E991-F1-I1-cod-1"
"81",1158510000,44699200,0.126667,1211290000,44580100,0.12077,"B0-D1-E991-F1-I1-cod",1,"B0","D1","E991","F1","I1","cod",81,"B0-D1-E991-F1-I1-cod-1"
"82",1132390000,144111000,0.123867,1195720000,146412000,0.116597,"B0-D1-E991-F1-I1-cod",1,"B0","D1","E991","F1","I1","cod",82,"B0-D1-E991-F1-I1-cod-1"
"83",1111110000,104132000,0.121067,1189440000,96179700,0.112521,"B0-D1-E991-F1-I1-cod",1,"B0","D1","E991","F1","I1","cod",83,"B0-D1-E991-F1-I1-cod-1"
"84",1097510000,64615400,0.118267,1184980000,67584700,0.109526,"B0-D1-E991-F1-I1-cod",1,"B0","D1","E991","F1","I1","cod",84,"B0-D1-E991-F1-I1-cod-1"
"85",1124510000,46565500,0.115467,1213770000,57718800,0.107451,"B0-D1-E991-F1-I1-cod",1,"B0","D1","E991","F1","I1","cod",85,"B0-D1-E991-F1-I1-cod-1"
"86",1150470000,75649400,0.112667,1233840000,75272800,0.10541,"B0-D1-E991-F1-I1-cod",1,"B0","D1","E991","F1","I1","cod",86,"B0-D1-E991-F1-I1-cod-1"
"87",1151960000,74700100,0.109867,1231800000,84769900,0.102745,"B0-D1-E991-F1-I1-cod",1,"B0","D1","E991","F1","I1","cod",87,"B0-D1-E991-F1-I1-cod-1"
"88",1135180000,59761300,0.107067,1214390000,68272600,0.100204,"B0-D1-E991-F1-I1-cod",1,"B0","D1","E991","F1","I1","cod",88,"B0-D1-E991-F1-I1-cod-1"
"89",1118900000,98316800,0.104267,1197760000,120960000,0.0972985,"B0-D1-E991-F1-I1-cod",1,"B0","D1","E991","F1","I1","cod",89,"B0-D1-E991-F1-I1-cod-1"
"90",1101100000,164241000,0.101467,1184510000,148428000,0.0940448,"B0-D1-E991-F1-I1-cod",1,"B0","D1","E991","F1","I1","cod",90,"B0-D1-E991-F1-I1-cod-1"
"91",1090480000,87234000,0.0986667,1185030000,81908900,0.0902728,"B0-D1-E991-F1-I1-cod",1,"B0","D1","E991","F1","I1","cod",91,"B0-D1-E991-F1-I1-cod-1"
"92",1124190000,69306200,0.0958667,1229630000,68847500,0.0880972,"B0-D1-E991-F1-I1-cod",1,"B0","D1","E991","F1","I1","cod",92,"B0-D1-E991-F1-I1-cod-1"
"93",1196830000,87513000,0.0930667,1297440000,97288800,0.0864313,"B0-D1-E991-F1-I1-cod",1,"B0","D1","E991","F1","I1","cod",93,"B0-D1-E991-F1-I1-cod-1"
"94",1255620000,55462800,0.0902667,1345210000,68389000,0.0848006,"B0-D1-E991-F1-I1-cod",1,"B0","D1","E991","F1","I1","cod",94,"B0-D1-E991-F1-I1-cod-1"
"95",1297260000,91026300,0.0874667,1376300000,113106000,0.0827467,"B0-D1-E991-F1-I1-cod",1,"B0","D1","E991","F1","I1","cod",95,"B0-D1-E991-F1-I1-cod-1"
"96",1320730000,91916600,0.0846667,1396900000,93776000,0.0800014,"B0-D1-E991-F1-I1-cod",1,"B0","D1","E991","F1","I1","cod",96,"B0-D1-E991-F1-I1-cod-1"
"97",1326550000,101567000,0.0818667,1410800000,99792700,0.0766079,"B0-D1-E991-F1-I1-cod",1,"B0","D1","E991","F1","I1","cod",97,"B0-D1-E991-F1-I1-cod-1"
"98",1337700000,111763000,0.0790667,1437290000,104456000,0.0733769,"B0-D1-E991-F1-I1-cod",1,"B0","D1","E991","F1","I1","cod",98,"B0-D1-E991-F1-I1-cod-1"
"99",1358560000,184950000,0.0762667,1467430000,94582300,0.0706469,"B0-D1-E991-F1-I1-cod",1,"B0","D1","E991","F1","I1","cod",99,"B0-D1-E991-F1-I1-cod-1"
"100",1396210000,120129000,0.0734667,1504680000,104160000,NA,"B0-D1-E991-F1-I1-cod",1,"B0","D1","E991","F1","I1","cod",100,"B0-D1-E991-F1-I1-cod-1"
"101",4084110000,155131000,0,3917470000,125656000,0,"B0-D1-E991-F1-I2-cod",1,"B0","D1","E991","F1","I2","cod",1,"B0-D1-E991-F1-I2-cod-1"
"102",4084110000,174064000,0,3917470000,125202000,0,"B0-D1-E991-F1-I2-cod",1,"B0","D1","E991","F1","I2","cod",2,"B0-D1-E991-F1-I2-cod-1"
"103",4091070000,105101000,0,3916760000,124740000,0,"B0-D1-E991-F1-I2-cod",1,"B0","D1","E991","F1","I2","cod",3,"B0-D1-E991-F1-I2-cod-1"
"104",4121050000,28647400,0,3914150000,124256000,0,"B0-D1-E991-F1-I2-cod",1,"B0","D1","E991","F1","I2","cod",4,"B0-D1-E991-F1-I2-cod-1"
"105",4159100000,141111000,0,3909570000,123742000,0,"B0-D1-E991-F1-I2-cod",1,"B0","D1","E991","F1","I2","cod",5,"B0-D1-E991-F1-I2-cod-1"
"106",4145440000,53683200,0,3903060000,123191000,0,"B0-D1-E991-F1-I2-cod",1,"B0","D1","E991","F1","I2","cod",6,"B0-D1-E991-F1-I2-cod-1"
"107",4080160000,73189500,0,3894810000,122590000,0,"B0-D1-E991-F1-I2-cod",1,"B0","D1","E991","F1","I2","cod",7,"B0-D1-E991-F1-I2-cod-1"
"108",3998210000,110772000,0,3885080000,121918000,0,"B0-D1-E991-F1-I2-cod",1,"B0","D1","E991","F1","I2","cod",8,"B0-D1-E991-F1-I2-cod-1"
"109",3871450000,140683000,0,3874070000,121148000,0,"B0-D1-E991-F1-I2-cod",1,"B0","D1","E991","F1","I2","cod",9,"B0-D1-E991-F1-I2-cod-1"
"110",3735490000,169028000,0,3861940000,120239000,0,"B0-D1-E991-F1-I2-cod",1,"B0","D1","E991","F1","I2","cod",10,"B0-D1-E991-F1-I2-cod-1"
"111",3626360000,83293300,0,3848760000,119135000,0,"B0-D1-E991-F1-I2-cod",1,"B0","D1","E991","F1","I2","cod",11,"B0-D1-E991-F1-I2-cod-1"
"112",3571760000,52935500,0,3834510000,117743000,0,"B0-D1-E991-F1-I2-cod",1,"B0","D1","E991","F1","I2","cod",12,"B0-D1-E991-F1-I2-cod-1"
"113",3556820000,95885200,0,3819030000,116039000,0,"B0-D1-E991-F1-I2-cod",1,"B0","D1","E991","F1","I2","cod",13,"B0-D1-E991-F1-I2-cod-1"
"114",3523510000,94655600,0,3802040000,113979000,0,"B0-D1-E991-F1-I2-cod",1,"B0","D1","E991","F1","I2","cod",14,"B0-D1-E991-F1-I2-cod-1"
"115",3466280000,39072400,0,3783090000,111602000,0,"B0-D1-E991-F1-I2-cod",1,"B0","D1","E991","F1","I2","cod",15,"B0-D1-E991-F1-I2-cod-1"
"116",3404540000,71623100,0,3761600000,109079000,0,"B0-D1-E991-F1-I2-cod",1,"B0","D1","E991","F1","I2","cod",16,"B0-D1-E991-F1-I2-cod-1"
"117",3323450000,76418300,0,3736890000,106836000,0,"B0-D1-E991-F1-I2-cod",1,"B0","D1","E991","F1","I2","cod",17,"B0-D1-E991-F1-I2-cod-1"
"118",3212850000,102150000,0,3708280000,105814000,0,"B0-D1-E991-F1-I2-cod",1,"B0","D1","E991","F1","I2","cod",18,"B0-D1-E991-F1-I2-cod-1"
"119",3.098e+09,113287000,0,3675350000,107787000,0,"B0-D1-E991-F1-I2-cod",1,"B0","D1","E991","F1","I2","cod",19,"B0-D1-E991-F1-I2-cod-1"
"120",2994770000,94402800,0,3638430000,115370000,0,"B0-D1-E991-F1-I2-cod",1,"B0","D1","E991","F1","I2","cod",20,"B0-D1-E991-F1-I2-cod-1"
"121",2923740000,170622000,0,3599470000,136872000,0,"B0-D1-E991-F1-I2-cod",1,"B0","D1","E991","F1","I2","cod",21,"B0-D1-E991-F1-I2-cod-1"
"122",2884200000,163675000,0,3563420000,153869000,0,"B0-D1-E991-F1-I2-cod",1,"B0","D1","E991","F1","I2","cod",22,"B0-D1-E991-F1-I2-cod-1"
"123",2886340000,158976000,0,3541420000,235086000,0,"B0-D1-E991-F1-I2-cod",1,"B0","D1","E991","F1","I2","cod",23,"B0-D1-E991-F1-I2-cod-1"
"124",2957140000,200777000,0,3548110000,178863000,0,"B0-D1-E991-F1-I2-cod",1,"B0","D1","E991","F1","I2","cod",24,"B0-D1-E991-F1-I2-cod-1"
"125",3078140000,156616000,0,3612230000,132028000,0,"B0-D1-E991-F1-I2-cod",1,"B0","D1","E991","F1","I2","cod",25,"B0-D1-E991-F1-I2-cod-1"
"126",3245640000,73143200,0,3746350000,118684000,0,"B0-D1-E991-F1-I2-cod",1,"B0","D1","E991","F1","I2","cod",26,"B0-D1-E991-F1-I2-cod-1"
"127",3449530000,140818000,0.00432479,3894980000,113056000,0.00387421,"B0-D1-E991-F1-I2-cod",1,"B0","D1","E991","F1","I2","cod",27,"B0-D1-E991-F1-I2-cod-1"
"128",3610970000,174266000,0.00864957,4004690000,107012000,0.0078405,"B0-D1-E991-F1-I2-cod",1,"B0","D1","E991","F1","I2","cod",28,"B0-D1-E991-F1-I2-cod-1"
"129",3700960000,127594000,0.0129744,4058020000,104201000,0.0119238,"B0-D1-E991-F1-I2-cod",1,"B0","D1","E991","F1","I2","cod",29,"B0-D1-E991-F1-I2-cod-1"
"130",3762340000,112706000,0.0172991,4049800000,108463000,0.016284,"B0-D1-E991-F1-I2-cod",1,"B0","D1","E991","F1","I2","cod",30,"B0-D1-E991-F1-I2-cod-1"
"131",3798750000,86725300,0.0216239,3983630000,129180000,0.0209067,"B0-D1-E991-F1-I2-cod",1,"B0","D1","E991","F1","I2","cod",31,"B0-D1-E991-F1-I2-cod-1"
"132",3789410000,198748000,0.0259487,3871770000,187828000,0.0257051,"B0-D1-E991-F1-I2-cod",1,"B0","D1","E991","F1","I2","cod",32,"B0-D1-E991-F1-I2-cod-1"
"133",3727370000,144101000,0.0302735,3736090000,154561000,0.0303757,"B0-D1-E991-F1-I2-cod",1,"B0","D1","E991","F1","I2","cod",33,"B0-D1-E991-F1-I2-cod-1"
"134",3643780000,77178900,0.0345983,3615790000,73326100,0.0350378,"B0-D1-E991-F1-I2-cod",1,"B0","D1","E991","F1","I2","cod",34,"B0-D1-E991-F1-I2-cod-1"
"135",3582790000,79537700,0.0389231,3531680000,125711000,0.0395594,"B0-D1-E991-F1-I2-cod",1,"B0","D1","E991","F1","I2","cod",35,"B0-D1-E991-F1-I2-cod-1"
"136",3498290000,131734000,0.0432479,3440400000,127102000,0.044006,"B0-D1-E991-F1-I2-cod",1,"B0","D1","E991","F1","I2","cod",36,"B0-D1-E991-F1-I2-cod-1"
"137",3365800000,70377700,0.0475726,3320330000,126185000,0.0479864,"B0-D1-E991-F1-I2-cod",1,"B0","D1","E991","F1","I2","cod",37,"B0-D1-E991-F1-I2-cod-1"
"138",3211560000,116193000,0.0518974,3200710000,121549000,0.0518383,"B0-D1-E991-F1-I2-cod",1,"B0","D1","E991","F1","I2","cod",38,"B0-D1-E991-F1-I2-cod-1"
"139",3049760000,107893000,0.0562222,3082850000,112219000,0.0550167,"B0-D1-E991-F1-I2-cod",1,"B0","D1","E991","F1","I2","cod",39,"B0-D1-E991-F1-I2-cod-1"
"140",2874620000,90044200,0.060547,2970390000,100322000,0.0580261,"B0-D1-E991-F1-I2-cod",1,"B0","D1","E991","F1","I2","cod",40,"B0-D1-E991-F1-I2-cod-1"
"141",2715260000,58026500,0.0648718,2860780000,88979800,0.0610679,"B0-D1-E991-F1-I2-cod",1,"B0","D1","E991","F1","I2","cod",41,"B0-D1-E991-F1-I2-cod-1"
"142",2564560000,74172800,0.0691966,2747710000,84490100,0.0641012,"B0-D1-E991-F1-I2-cod",1,"B0","D1","E991","F1","I2","cod",42,"B0-D1-E991-F1-I2-cod-1"
"143",2407680000,134390000,0.0735214,2625280000,177256000,0.06675,"B0-D1-E991-F1-I2-cod",1,"B0","D1","E991","F1","I2","cod",43,"B0-D1-E991-F1-I2-cod-1"
"144",2239870000,122553000,0.0778462,2492900000,111916000,0.0692773,"B0-D1-E991-F1-I2-cod",1,"B0","D1","E991","F1","I2","cod",44,"B0-D1-E991-F1-I2-cod-1"
"145",2093770000,116808000,0.0821709,2382700000,88480200,0.0713586,"B0-D1-E991-F1-I2-cod",1,"B0","D1","E991","F1","I2","cod",45,"B0-D1-E991-F1-I2-cod-1"
"146",1993380000,72450800,0.0864957,2317230000,125550000,0.0740165,"B0-D1-E991-F1-I2-cod",1,"B0","D1","E991","F1","I2","cod",46,"B0-D1-E991-F1-I2-cod-1"
"147",1924130000,192859000,0.0908205,2250880000,146349000,0.0778332,"B0-D1-E991-F1-I2-cod",1,"B0","D1","E991","F1","I2","cod",47,"B0-D1-E991-F1-I2-cod-1"
"148",1862470000,106925000,0.0951453,2182360000,103096000,0.0808594,"B0-D1-E991-F1-I2-cod",1,"B0","D1","E991","F1","I2","cod",48,"B0-D1-E991-F1-I2-cod-1"
"149",1820200000,124835000,0.0994701,2134630000,143550000,0.0856356,"B0-D1-E991-F1-I2-cod",1,"B0","D1","E991","F1","I2","cod",49,"B0-D1-E991-F1-I2-cod-1"
"150",1817720000,86996800,0.103795,2094930000,117273000,0.0909258,"B0-D1-E991-F1-I2-cod",1,"B0","D1","E991","F1","I2","cod",50,"B0-D1-E991-F1-I2-cod-1"
"151",1807790000,202593000,0.10812,2052430000,143276000,0.0957849,"B0-D1-E991-F1-I2-cod",1,"B0","D1","E991","F1","I2","cod",51,"B0-D1-E991-F1-I2-cod-1"
"152",1785950000,111099000,0.112444,2017350000,114289000,0.0995436,"B0-D1-E991-F1-I2-cod",1,"B0","D1","E991","F1","I2","cod",52,"B0-D1-E991-F1-I2-cod-1"
"153",1769560000,63718200,0.116769,1984020000,83399800,0.105561,"B0-D1-E991-F1-I2-cod",1,"B0","D1","E991","F1","I2","cod",53,"B0-D1-E991-F1-I2-cod-1"
"154",1779100000,55087900,0.121094,1949830000,70450700,0.111603,"B0-D1-E991-F1-I2-cod",1,"B0","D1","E991","F1","I2","cod",54,"B0-D1-E991-F1-I2-cod-1"
"155",1750060000,114808000,0.125419,1891280000,101538000,0.116454,"B0-D1-E991-F1-I2-cod",1,"B0","D1","E991","F1","I2","cod",55,"B0-D1-E991-F1-I2-cod-1"
"156",1669650000,91388000,0.129744,1800220000,108294000,0.120179,"B0-D1-E991-F1-I2-cod",1,"B0","D1","E991","F1","I2","cod",56,"B0-D1-E991-F1-I2-cod-1"
"157",1568740000,75245100,0.134068,1694280000,108713000,0.124373,"B0-D1-E991-F1-I2-cod",1,"B0","D1","E991","F1","I2","cod",57,"B0-D1-E991-F1-I2-cod-1"
"158",1478460000,51550900,0.138393,1597890000,58378300,0.127709,"B0-D1-E991-F1-I2-cod",1,"B0","D1","E991","F1","I2","cod",58,"B0-D1-E991-F1-I2-cod-1"
"159",1387620000,168120000,0.142718,1518320000,186504000,0.129051,"B0-D1-E991-F1-I2-cod",1,"B0","D1","E991","F1","I2","cod",59,"B0-D1-E991-F1-I2-cod-1"
"160",1288560000,60416400,0.147043,1443340000,89776600,0.129754,"B0-D1-E991-F1-I2-cod",1,"B0","D1","E991","F1","I2","cod",60,"B0-D1-E991-F1-I2-cod-1"
"161",1213460000,190432000,0.151368,1392070000,106265000,0.130658,"B0-D1-E991-F1-I2-cod",1,"B0","D1","E991","F1","I2","cod",61,"B0-D1-E991-F1-I2-cod-1"
"162",1175750000,92392200,0.155692,1385100000,95570100,0.130352,"B0-D1-E991-F1-I2-cod",1,"B0","D1","E991","F1","I2","cod",62,"B0-D1-E991-F1-I2-cod-1"
"163",1156820000,45118700,0.160017,1372740000,55996300,0.13739,"B0-D1-E991-F1-I2-cod",1,"B0","D1","E991","F1","I2","cod",63,"B0-D1-E991-F1-I2-cod-1"
"164",1175400000,126441000,0.164342,1350970000,111601000,0.14505,"B0-D1-E991-F1-I2-cod",1,"B0","D1","E991","F1","I2","cod",64,"B0-D1-E991-F1-I2-cod-1"
"165",1157340000,95944600,0.168667,1302020000,92641600,0.15113,"B0-D1-E991-F1-I2-cod",1,"B0","D1","E991","F1","I2","cod",65,"B0-D1-E991-F1-I2-cod-1"
"166",1117900000,124998000,0.168667,1236580000,115422000,0.15445,"B0-D1-E991-F1-I2-cod",1,"B0","D1","E991","F1","I2","cod",66,"B0-D1-E991-F1-I2-cod-1"
"167",1093810000,140722000,0.165867,1184060000,105225000,0.155008,"B0-D1-E991-F1-I2-cod",1,"B0","D1","E991","F1","I2","cod",67,"B0-D1-E991-F1-I2-cod-1"
"168",1080610000,65148900,0.163067,1145070000,64244500,0.156069,"B0-D1-E991-F1-I2-cod",1,"B0","D1","E991","F1","I2","cod",68,"B0-D1-E991-F1-I2-cod-1"
"169",1094640000,82092700,0.160267,1124360000,89929200,0.159595,"B0-D1-E991-F1-I2-cod",1,"B0","D1","E991","F1","I2","cod",69,"B0-D1-E991-F1-I2-cod-1"
"170",1110390000,54206200,0.157467,1097250000,63902300,0.162068,"B0-D1-E991-F1-I2-cod",1,"B0","D1","E991","F1","I2","cod",70,"B0-D1-E991-F1-I2-cod-1"
"171",1099570000,90656400,0.154667,1057500000,99669600,0.162415,"B0-D1-E991-F1-I2-cod",1,"B0","D1","E991","F1","I2","cod",71,"B0-D1-E991-F1-I2-cod-1"
"172",1070630000,79160800,0.151867,1015810000,95754300,0.160562,"B0-D1-E991-F1-I2-cod",1,"B0","D1","E991","F1","I2","cod",72,"B0-D1-E991-F1-I2-cod-1"
"173",1030800000,111610000,0.149067,976958000,118455000,0.1569,"B0-D1-E991-F1-I2-cod",1,"B0","D1","E991","F1","I2","cod",73,"B0-D1-E991-F1-I2-cod-1"
"174",1000530000,110704000,0.146267,959110000,125536000,0.15122,"B0-D1-E991-F1-I2-cod",1,"B0","D1","E991","F1","I2","cod",74,"B0-D1-E991-F1-I2-cod-1"
"175",985494000,101377000,0.143467,964322000,114006000,0.145252,"B0-D1-E991-F1-I2-cod",1,"B0","D1","E991","F1","I2","cod",75,"B0-D1-E991-F1-I2-cod-1"
"176",997285000,176737000,0.140667,998431000,162819000,0.138947,"B0-D1-E991-F1-I2-cod",1,"B0","D1","E991","F1","I2","cod",76,"B0-D1-E991-F1-I2-cod-1"
"177",1024180000,69938900,0.137867,1051270000,78778400,0.132986,"B0-D1-E991-F1-I2-cod",1,"B0","D1","E991","F1","I2","cod",77,"B0-D1-E991-F1-I2-cod-1"
"178",1078540000,51691200,0.135067,1124360000,47557900,0.129639,"B0-D1-E991-F1-I2-cod",1,"B0","D1","E991","F1","I2","cod",78,"B0-D1-E991-F1-I2-cod-1"
"179",1149050000,49455400,0.132267,1201680000,49851900,0.126276,"B0-D1-E991-F1-I2-cod",1,"B0","D1","E991","F1","I2","cod",79,"B0-D1-E991-F1-I2-cod-1"
"180",1174590000,114063000,0.129467,1232490000,113729000,0.123424,"B0-D1-E991-F1-I2-cod",1,"B0","D1","E991","F1","I2","cod",80,"B0-D1-E991-F1-I2-cod-1"
"181",1158510000,44699200,0.126667,1216270000,56470800,0.120728,"B0-D1-E991-F1-I2-cod",1,"B0","D1","E991","F1","I2","cod",81,"B0-D1-E991-F1-I2-cod-1"
"182",1132390000,144111000,0.123867,1187940000,153885000,0.118356,"B0-D1-E991-F1-I2-cod",1,"B0","D1","E991","F1","I2","cod",82,"B0-D1-E991-F1-I2-cod-1"
"183",1111110000,104132000,0.121067,1165920000,111717000,0.11517,"B0-D1-E991-F1-I2-cod",1,"B0","D1","E991","F1","I2","cod",83,"B0-D1-E991-F1-I2-cod-1"
"184",1097510000,64615400,0.118267,1158290000,69757100,0.111895,"B0-D1-E991-F1-I2-cod",1,"B0","D1","E991","F1","I2","cod",84,"B0-D1-E991-F1-I2-cod-1"
"185",1124510000,46565500,0.115467,1194490000,38695500,0.108453,"B0-D1-E991-F1-I2-cod",1,"B0","D1","E991","F1","I2","cod",85,"B0-D1-E991-F1-I2-cod-1"
"186",1150470000,75649400,0.112667,1230800000,92277600,0.105016,"B0-D1-E991-F1-I2-cod",1,"B0","D1","E991","F1","I2","cod",86,"B0-D1-E991-F1-I2-cod-1"
"187",1151960000,74700100,0.109867,1238620000,72586600,0.102168,"B0-D1-E991-F1-I2-cod",1,"B0","D1","E991","F1","I2","cod",87,"B0-D1-E991-F1-I2-cod-1"
"188",1135180000,59761300,0.107067,1225590000,70521400,0.0988423,"B0-D1-E991-F1-I2-cod",1,"B0","D1","E991","F1","I2","cod",88,"B0-D1-E991-F1-I2-cod-1"
"189",1118900000,98316800,0.104267,1216310000,98446000,0.095832,"B0-D1-E991-F1-I2-cod",1,"B0","D1","E991","F1","I2","cod",89,"B0-D1-E991-F1-I2-cod-1"
"190",1101100000,164241000,0.101467,1202970000,167650000,0.0926172,"B0-D1-E991-F1-I2-cod",1,"B0","D1","E991","F1","I2","cod",90,"B0-D1-E991-F1-I2-cod-1"
"191",1090480000,87234000,0.0986667,1197850000,83654700,0.0899051,"B0-D1-E991-F1-I2-cod",1,"B0","D1","E991","F1","I2","cod",91,"B0-D1-E991-F1-I2-cod-1"
"192",1124190000,69306200,0.0958667,1232970000,83134800,0.0878259,"B0-D1-E991-F1-I2-cod",1,"B0","D1","E991","F1","I2","cod",92,"B0-D1-E991-F1-I2-cod-1"
"193",1196830000,87513000,0.0930667,1303060000,86132400,0.0859345,"B0-D1-E991-F1-I2-cod",1,"B0","D1","E991","F1","I2","cod",93,"B0-D1-E991-F1-I2-cod-1"
"194",1255620000,55462800,0.0902667,1359050000,58657200,0.0834992,"B0-D1-E991-F1-I2-cod",1,"B0","D1","E991","F1","I2","cod",94,"B0-D1-E991-F1-I2-cod-1"
"195",1297260000,91026300,0.0874667,1402090000,95498200,0.081105,"B0-D1-E991-F1-I2-cod",1,"B0","D1","E991","F1","I2","cod",95,"B0-D1-E991-F1-I2-cod-1"
"196",1320730000,91916600,0.0846667,1424610000,101161000,0.0785713,"B0-D1-E991-F1-I2-cod",1,"B0","D1","E991","F1","I2","cod",96,"B0-D1-E991-F1-I2-cod-1"
"197",1326550000,101567000,0.0818667,1430140000,119201000,0.0760216,"B0-D1-E991-F1-I2-cod",1,"B0","D1","E991","F1","I2","cod",97,"B0-D1-E991-F1-I2-cod-1"
"198",1337700000,111763000,0.0790667,1442830000,98616300,0.0732975,"B0-D1-E991-F1-I2-cod",1,"B0","D1","E991","F1","I2","cod",98,"B0-D1-E991-F1-I2-cod-1"
"199",1358560000,184950000,0.0762667,1471310000,96001500,0.0702683,"B0-D1-E991-F1-I2-cod",1,"B0","D1","E991","F1","I2","cod",99,"B0-D1-E991-F1-I2-cod-1"
"200",1396210000,120129000,0.0734667,1516140000,105545000,NA,"B0-D1-E991-F1-I2-cod",1,"B0","D1","E991","F1","I2","cod",100,"B0-D1-E991-F1-I2-cod-1"
"201",4084110000,155131000,0,3882670000,124660000,0,"B0-D1-E991-F1-I3-cod",1,"B0","D1","E991","F1","I3","cod",1,"B0-D1-E991-F1-I3-cod-1"
"202",4084110000,174064000,0,3882670000,124230000,0,"B0-D1-E991-F1-I3-cod",1,"B0","D1","E991","F1","I3","cod",2,"B0-D1-E991-F1-I3-cod-1"
"203",4091070000,105101000,0,3881970000,123797000,0,"B0-D1-E991-F1-I3-cod",1,"B0","D1","E991","F1","I3","cod",3,"B0-D1-E991-F1-I3-cod-1"
"204",4121050000,28647400,0,3879280000,123349000,0,"B0-D1-E991-F1-I3-cod",1,"B0","D1","E991","F1","I3","cod",4,"B0-D1-E991-F1-I3-cod-1"
"205",4159100000,141111000,0,3874550000,122885000,0,"B0-D1-E991-F1-I3-cod",1,"B0","D1","E991","F1","I3","cod",5,"B0-D1-E991-F1-I3-cod-1"
"206",4145440000,53683200,0,3867870000,122399000,0,"B0-D1-E991-F1-I3-cod",1,"B0","D1","E991","F1","I3","cod",6,"B0-D1-E991-F1-I3-cod-1"
"207",4080160000,73189500,0,3859470000,121881000,0,"B0-D1-E991-F1-I3-cod",1,"B0","D1","E991","F1","I3","cod",7,"B0-D1-E991-F1-I3-cod-1"
"208",3998210000,110772000,0,3849660000,121313000,0,"B0-D1-E991-F1-I3-cod",1,"B0","D1","E991","F1","I3","cod",8,"B0-D1-E991-F1-I3-cod-1"
"209",3871450000,140683000,0,3838700000,120655000,0,"B0-D1-E991-F1-I3-cod",1,"B0","D1","E991","F1","I3","cod",9,"B0-D1-E991-F1-I3-cod-1"
"210",3735490000,169028000,0,3826810000,119844000,0,"B0-D1-E991-F1-I3-cod",1,"B0","D1","E991","F1","I3","cod",10,"B0-D1-E991-F1-I3-cod-1"
"211",3626360000,83293300,0,3814110000,118770000,0,"B0-D1-E991-F1-I3-cod",1,"B0","D1","E991","F1","I3","cod",11,"B0-D1-E991-F1-I3-cod-1"
"212",3571760000,52935500,0,3800600000,117289000,0,"B0-D1-E991-F1-I3-cod",1,"B0","D1","E991","F1","I3","cod",12,"B0-D1-E991-F1-I3-cod-1"
"213",3556820000,95885200,0,3786130000,115172000,0,"B0-D1-E991-F1-I3-cod",1,"B0","D1","E991","F1","I3","cod",13,"B0-D1-E991-F1-I3-cod-1"
"214",3523510000,94655600,0,3770330000,112220000,0,"B0-D1-E991-F1-I3-cod",1,"B0","D1","E991","F1","I3","cod",14,"B0-D1-E991-F1-I3-cod-1"
"215",3466280000,39072400,0,3752530000,108340000,0,"B0-D1-E991-F1-I3-cod",1,"B0","D1","E991","F1","I3","cod",15,"B0-D1-E991-F1-I3-cod-1"
"216",3404540000,71623100,0,3731650000,103747000,0,"B0-D1-E991-F1-I3-cod",1,"B0","D1","E991","F1","I3","cod",16,"B0-D1-E991-F1-I3-cod-1"
"217",3323450000,76418300,0,3706170000,99110000,0,"B0-D1-E991-F1-I3-cod",1,"B0","D1","E991","F1","I3","cod",17,"B0-D1-E991-F1-I3-cod-1"
"218",3212850000,102150000,0,3674290000,95538500,0,"B0-D1-E991-F1-I3-cod",1,"B0","D1","E991","F1","I3","cod",18,"B0-D1-E991-F1-I3-cod-1"
"219",3.098e+09,113287000,0,3634310000,94319300,0,"B0-D1-E991-F1-I3-cod",1,"B0","D1","E991","F1","I3","cod",19,"B0-D1-E991-F1-I3-cod-1"
"220",2994770000,94402800,0,3585390000,97156700,0,"B0-D1-E991-F1-I3-cod",1,"B0","D1","E991","F1","I3","cod",20,"B0-D1-E991-F1-I3-cod-1"
"221",2923740000,170622000,0,3528400000,112163000,0,"B0-D1-E991-F1-I3-cod",1,"B0","D1","E991","F1","I3","cod",21,"B0-D1-E991-F1-I3-cod-1"
"222",2884200000,163675000,0,3466810000,165385000,0,"B0-D1-E991-F1-I3-cod",1,"B0","D1","E991","F1","I3","cod",22,"B0-D1-E991-F1-I3-cod-1"
"223",2886340000,158976000,0,3409310000,140554000,0,"B0-D1-E991-F1-I3-cod",1,"B0","D1","E991","F1","I3","cod",23,"B0-D1-E991-F1-I3-cod-1"
"224",2957140000,200777000,0,3379980000,182108000,0,"B0-D1-E991-F1-I3-cod",1,"B0","D1","E991","F1","I3","cod",24,"B0-D1-E991-F1-I3-cod-1"
"225",3078140000,156616000,0,3396950000,126257000,0,"B0-D1-E991-F1-I3-cod",1,"B0","D1","E991","F1","I3","cod",25,"B0-D1-E991-F1-I3-cod-1"
"226",3245640000,73143200,0,3453120000,115495000,0,"B0-D1-E991-F1-I3-cod",1,"B0","D1","E991","F1","I3","cod",26,"B0-D1-E991-F1-I3-cod-1"
"227",3449530000,140818000,0.00432479,3545480000,119806000,0.00427111,"B0-D1-E991-F1-I3-cod",1,"B0","D1","E991","F1","I3","cod",27,"B0-D1-E991-F1-I3-cod-1"
"228",3610970000,174266000,0.00864957,3616130000,125067000,0.0086942,"B0-D1-E991-F1-I3-cod",1,"B0","D1","E991","F1","I3","cod",28,"B0-D1-E991-F1-I3-cod-1"
"229",3700960000,127594000,0.0129744,3653420000,124662000,0.0132237,"B0-D1-E991-F1-I3-cod",1,"B0","D1","E991","F1","I3","cod",29,"B0-D1-E991-F1-I3-cod-1"
"230",3762340000,112706000,0.0172991,3657120000,110596000,0.0179453,"B0-D1-E991-F1-I3-cod",1,"B0","D1","E991","F1","I3","cod",30,"B0-D1-E991-F1-I3-cod-1"
"231",3798750000,86725300,0.0216239,3630920000,98682600,0.0227647,"B0-D1-E991-F1-I3-cod",1,"B0","D1","E991","F1","I3","cod",31,"B0-D1-E991-F1-I3-cod-1"
"232",3789410000,198748000,0.0259487,3575480000,115284000,0.0276256,"B0-D1-E991-F1-I3-cod",1,"B0","D1","E991","F1","I3","cod",32,"B0-D1-E991-F1-I3-cod-1"
"233",3727370000,144101000,0.0302735,3487150000,158172000,0.0324307,"B0-D1-E991-F1-I3-cod",1,"B0","D1","E991","F1","I3","cod",33,"B0-D1-E991-F1-I3-cod-1"
"234",3643780000,77178900,0.0345983,3372990000,76716500,0.0377208,"B0-D1-E991-F1-I3-cod",1,"B0","D1","E991","F1","I3","cod",34,"B0-D1-E991-F1-I3-cod-1"
"235",3582790000,79537700,0.0389231,3259180000,91782300,0.0429951,"B0-D1-E991-F1-I3-cod",1,"B0","D1","E991","F1","I3","cod",35,"B0-D1-E991-F1-I3-cod-1"
"236",3498290000,131734000,0.0432479,3148010000,110650000,0.0482515,"B0-D1-E991-F1-I3-cod",1,"B0","D1","E991","F1","I3","cod",36,"B0-D1-E991-F1-I3-cod-1"
"237",3365800000,70377700,0.0475726,3007300000,114010000,0.0532888,"B0-D1-E991-F1-I3-cod",1,"B0","D1","E991","F1","I3","cod",37,"B0-D1-E991-F1-I3-cod-1"
"238",3211560000,116193000,0.0518974,2858510000,118399000,0.0583743,"B0-D1-E991-F1-I3-cod",1,"B0","D1","E991","F1","I3","cod",38,"B0-D1-E991-F1-I3-cod-1"
"239",3049760000,107893000,0.0562222,2715450000,117107000,0.0627688,"B0-D1-E991-F1-I3-cod",1,"B0","D1","E991","F1","I3","cod",39,"B0-D1-E991-F1-I3-cod-1"
"240",2874620000,90044200,0.060547,2586060000,101203000,0.0668286,"B0-D1-E991-F1-I3-cod",1,"B0","D1","E991","F1","I3","cod",40,"B0-D1-E991-F1-I3-cod-1"
"241",2715260000,58026500,0.0648718,2473920000,86770700,0.0705849,"B0-D1-E991-F1-I3-cod",1,"B0","D1","E991","F1","I3","cod",41,"B0-D1-E991-F1-I3-cod-1"
"242",2564560000,74172800,0.0691966,2373140000,96108200,0.0740543,"B0-D1-E991-F1-I3-cod",1,"B0","D1","E991","F1","I3","cod",42,"B0-D1-E991-F1-I3-cod-1"
"243",2407680000,134390000,0.0735214,2271420000,121165000,0.0769201,"B0-D1-E991-F1-I3-cod",1,"B0","D1","E991","F1","I3","cod",43,"B0-D1-E991-F1-I3-cod-1"
"244",2239870000,122553000,0.0778462,2167020000,114643000,0.079278,"B0-D1-E991-F1-I3-cod",1,"B0","D1","E991","F1","I3","cod",44,"B0-D1-E991-F1-I3-cod-1"
"245",2093770000,116808000,0.0821709,2074600000,113696000,0.0821206,"B0-D1-E991-F1-I3-cod",1,"B0","D1","E991","F1","I3","cod",45,"B0-D1-E991-F1-I3-cod-1"
"246",1993380000,72450800,0.0864957,2002760000,145052000,0.0856459,"B0-D1-E991-F1-I3-cod",1,"B0","D1","E991","F1","I3","cod",46,"B0-D1-E991-F1-I3-cod-1"
"247",1924130000,192859000,0.0908205,1944040000,180058000,0.0896325,"B0-D1-E991-F1-I3-cod",1,"B0","D1","E991","F1","I3","cod",47,"B0-D1-E991-F1-I3-cod-1"
"248",1862470000,106925000,0.0951453,1903040000,117270000,0.0916926,"B0-D1-E991-F1-I3-cod",1,"B0","D1","E991","F1","I3","cod",48,"B0-D1-E991-F1-I3-cod-1"
"249",1820200000,124835000,0.0994701,1901470000,123372000,0.0943716,"B0-D1-E991-F1-I3-cod",1,"B0","D1","E991","F1","I3","cod",49,"B0-D1-E991-F1-I3-cod-1"
"250",1817720000,86996800,0.103795,1924540000,169887000,0.0972811,"B0-D1-E991-F1-I3-cod",1,"B0","D1","E991","F1","I3","cod",50,"B0-D1-E991-F1-I3-cod-1"
"251",1807790000,202593000,0.10812,1934030000,170975000,0.100513,"B0-D1-E991-F1-I3-cod",1,"B0","D1","E991","F1","I3","cod",51,"B0-D1-E991-F1-I3-cod-1"
"252",1785950000,111099000,0.112444,1943640000,105660000,0.101377,"B0-D1-E991-F1-I3-cod",1,"B0","D1","E991","F1","I3","cod",52,"B0-D1-E991-F1-I3-cod-1"
"253",1769560000,63718200,0.116769,1974600000,81858800,0.104009,"B0-D1-E991-F1-I3-cod",1,"B0","D1","E991","F1","I3","cod",53,"B0-D1-E991-F1-I3-cod-1"
"254",1779100000,55087900,0.121094,1998190000,96965200,0.107524,"B0-D1-E991-F1-I3-cod",1,"B0","D1","E991","F1","I3","cod",54,"B0-D1-E991-F1-I3-cod-1"
"255",1750060000,114808000,0.125419,1975920000,127491000,0.11044,"B0-D1-E991-F1-I3-cod",1,"B0","D1","E991","F1","I3","cod",55,"B0-D1-E991-F1-I3-cod-1"
"256",1669650000,91388000,0.129744,1913300000,114090000,0.111687,"B0-D1-E991-F1-I3-cod",1,"B0","D1","E991","F1","I3","cod",56,"B0-D1-E991-F1-I3-cod-1"
"257",1568740000,75245100,0.134068,1841440000,78704900,0.112708,"B0-D1-E991-F1-I3-cod",1,"B0","D1","E991","F1","I3","cod",57,"B0-D1-E991-F1-I3-cod-1"
"258",1478460000,51550900,0.138393,1778750000,66095200,0.113314,"B0-D1-E991-F1-I3-cod",1,"B0","D1","E991","F1","I3","cod",58,"B0-D1-E991-F1-I3-cod-1"
"259",1387620000,168120000,0.142718,1713290000,132511000,0.11414,"B0-D1-E991-F1-I3-cod",1,"B0","D1","E991","F1","I3","cod",59,"B0-D1-E991-F1-I3-cod-1"
"260",1288560000,60416400,0.147043,1630760000,86889900,0.114714,"B0-D1-E991-F1-I3-cod",1,"B0","D1","E991","F1","I3","cod",60,"B0-D1-E991-F1-I3-cod-1"
"261",1213460000,190432000,0.151368,1552600000,145149000,0.118854,"B0-D1-E991-F1-I3-cod",1,"B0","D1","E991","F1","I3","cod",61,"B0-D1-E991-F1-I3-cod-1"
"262",1175750000,92392200,0.155692,1493670000,128244000,0.122498,"B0-D1-E991-F1-I3-cod",1,"B0","D1","E991","F1","I3","cod",62,"B0-D1-E991-F1-I3-cod-1"
"263",1156820000,45118700,0.160017,1447170000,79577700,0.130197,"B0-D1-E991-F1-I3-cod",1,"B0","D1","E991","F1","I3","cod",63,"B0-D1-E991-F1-I3-cod-1"
"264",1175400000,126441000,0.164342,1427060000,104095000,0.13578,"B0-D1-E991-F1-I3-cod",1,"B0","D1","E991","F1","I3","cod",64,"B0-D1-E991-F1-I3-cod-1"
"265",1157340000,95944600,0.168667,1404560000,102013000,0.137771,"B0-D1-E991-F1-I3-cod",1,"B0","D1","E991","F1","I3","cod",65,"B0-D1-E991-F1-I3-cod-1"
"266",1117900000,124998000,0.168667,1368530000,114162000,0.137835,"B0-D1-E991-F1-I3-cod",1,"B0","D1","E991","F1","I3","cod",66,"B0-D1-E991-F1-I3-cod-1"
"267",1093810000,140722000,0.165867,1335480000,115120000,0.13584,"B0-D1-E991-F1-I3-cod",1,"B0","D1","E991","F1","I3","cod",67,"B0-D1-E991-F1-I3-cod-1"
"268",1080610000,65148900,0.163067,1310340000,54598900,0.135411,"B0-D1-E991-F1-I3-cod",1,"B0","D1","E991","F1","I3","cod",68,"B0-D1-E991-F1-I3-cod-1"
"269",1094640000,82092700,0.160267,1296880000,71005500,0.137393,"B0-D1-E991-F1-I3-cod",1,"B0","D1","E991","F1","I3","cod",69,"B0-D1-E991-F1-I3-cod-1"
"270",1110390000,54206200,0.157467,1273600000,71549400,0.139391,"B0-D1-E991-F1-I3-cod",1,"B0","D1","E991","F1","I3","cod",70,"B0-D1-E991-F1-I3-cod-1"
"271",1099570000,90656400,0.154667,1221970000,108552000,0.141232,"B0-D1-E991-F1-I3-cod",1,"B0","D1","E991","F1","I3","cod",71,"B0-D1-E991-F1-I3-cod-1"
"272",1070630000,79160800,0.151867,1160720000,102742000,0.140758,"B0-D1-E991-F1-I3-cod",1,"B0","D1","E991","F1","I3","cod",72,"B0-D1-E991-F1-I3-cod-1"
"273",1030800000,111610000,0.149067,1108940000,108749000,0.138065,"B0-D1-E991-F1-I3-cod",1,"B0","D1","E991","F1","I3","cod",73,"B0-D1-E991-F1-I3-cod-1"
"274",1000530000,110704000,0.146267,1085220000,134150000,0.133353,"B0-D1-E991-F1-I3-cod",1,"B0","D1","E991","F1","I3","cod",74,"B0-D1-E991-F1-I3-cod-1"
"275",985494000,101377000,0.143467,1084860000,107330000,0.129447,"B0-D1-E991-F1-I3-cod",1,"B0","D1","E991","F1","I3","cod",75,"B0-D1-E991-F1-I3-cod-1"
"276",997285000,176737000,0.140667,1110770000,175742000,0.124893,"B0-D1-E991-F1-I3-cod",1,"B0","D1","E991","F1","I3","cod",76,"B0-D1-E991-F1-I3-cod-1"
"277",1024180000,69938900,0.137867,1158400000,77005500,0.12106,"B0-D1-E991-F1-I3-cod",1,"B0","D1","E991","F1","I3","cod",77,"B0-D1-E991-F1-I3-cod-1"
"278",1078540000,51691200,0.135067,1224810000,52208000,0.11878,"B0-D1-E991-F1-I3-cod",1,"B0","D1","E991","F1","I3","cod",78,"B0-D1-E991-F1-I3-cod-1"
"279",1149050000,49455400,0.132267,1303230000,50852300,0.116406,"B0-D1-E991-F1-I3-cod",1,"B0","D1","E991","F1","I3","cod",79,"B0-D1-E991-F1-I3-cod-1"
"280",1174590000,114063000,0.129467,1334660000,129567000,0.113729,"B0-D1-E991-F1-I3-cod",1,"B0","D1","E991","F1","I3","cod",80,"B0-D1-E991-F1-I3-cod-1"
"281",1158510000,44699200,0.126667,1319980000,54482300,0.110952,"B0-D1-E991-F1-I3-cod",1,"B0","D1","E991","F1","I3","cod",81,"B0-D1-E991-F1-I3-cod-1"
"282",1132390000,144111000,0.123867,1293730000,145673000,0.107902,"B0-D1-E991-F1-I3-cod",1,"B0","D1","E991","F1","I3","cod",82,"B0-D1-E991-F1-I3-cod-1"
"283",1111110000,104132000,0.121067,1279020000,120665000,0.104633,"B0-D1-E991-F1-I3-cod",1,"B0","D1","E991","F1","I3","cod",83,"B0-D1-E991-F1-I3-cod-1"
"284",1097510000,64615400,0.118267,1268640000,60452900,0.10218,"B0-D1-E991-F1-I3-cod",1,"B0","D1","E991","F1","I3","cod",84,"B0-D1-E991-F1-I3-cod-1"
"285",1124510000,46565500,0.115467,1298920000,53801800,0.099661,"B0-D1-E991-F1-I3-cod",1,"B0","D1","E991","F1","I3","cod",85,"B0-D1-E991-F1-I3-cod-1"
"286",1150470000,75649400,0.112667,1330500000,85245200,0.0974043,"B0-D1-E991-F1-I3-cod",1,"B0","D1","E991","F1","I3","cod",86,"B0-D1-E991-F1-I3-cod-1"
"287",1151960000,74700100,0.109867,1332700000,79612900,0.0947517,"B0-D1-E991-F1-I3-cod",1,"B0","D1","E991","F1","I3","cod",87,"B0-D1-E991-F1-I3-cod-1"
"288",1135180000,59761300,0.107067,1317770000,62542800,0.0919149,"B0-D1-E991-F1-I3-cod",1,"B0","D1","E991","F1","I3","cod",88,"B0-D1-E991-F1-I3-cod-1"
"289",1118900000,98316800,0.104267,1303820000,111187000,0.0892495,"B0-D1-E991-F1-I3-cod",1,"B0","D1","E991","F1","I3","cod",89,"B0-D1-E991-F1-I3-cod-1"
"290",1101100000,164241000,0.101467,1286200000,183651000,0.0867464,"B0-D1-E991-F1-I3-cod",1,"B0","D1","E991","F1","I3","cod",90,"B0-D1-E991-F1-I3-cod-1"
"291",1090480000,87234000,0.0986667,1274490000,98379200,0.0842793,"B0-D1-E991-F1-I3-cod",1,"B0","D1","E991","F1","I3","cod",91,"B0-D1-E991-F1-I3-cod-1"
"292",1124190000,69306200,0.0958667,1311390000,61688600,0.0820252,"B0-D1-E991-F1-I3-cod",1,"B0","D1","E991","F1","I3","cod",92,"B0-D1-E991-F1-I3-cod-1"
"293",1196830000,87513000,0.0930667,1394930000,103667000,0.079715,"B0-D1-E991-F1-I3-cod",1,"B0","D1","E991","F1","I3","cod",93,"B0-D1-E991-F1-I3-cod-1"
"294",1255620000,55462800,0.0902667,1461730000,64758100,0.077662,"B0-D1-E991-F1-I3-cod",1,"B0","D1","E991","F1","I3","cod",94,"B0-D1-E991-F1-I3-cod-1"
"295",1297260000,91026300,0.0874667,1505370000,93485000,0.0752369,"B0-D1-E991-F1-I3-cod",1,"B0","D1","E991","F1","I3","cod",95,"B0-D1-E991-F1-I3-cod-1"
"296",1320730000,91916600,0.0846667,1535960000,90821400,0.0726169,"B0-D1-E991-F1-I3-cod",1,"B0","D1","E991","F1","I3","cod",96,"B0-D1-E991-F1-I3-cod-1"
"297",1326550000,101567000,0.0818667,1545760000,108864000,0.0702052,"B0-D1-E991-F1-I3-cod",1,"B0","D1","E991","F1","I3","cod",97,"B0-D1-E991-F1-I3-cod-1"
"298",1337700000,111763000,0.0790667,1554500000,128433000,0.0681815,"B0-D1-E991-F1-I3-cod",1,"B0","D1","E991","F1","I3","cod",98,"B0-D1-E991-F1-I3-cod-1"
"299",1358560000,184950000,0.0762667,1567700000,97165900,0.0662516,"B0-D1-E991-F1-I3-cod",1,"B0","D1","E991","F1","I3","cod",99,"B0-D1-E991-F1-I3-cod-1"
"300",1396210000,120129000,0.0734667,1600260000,106718000,NA,"B0-D1-E991-F1-I3-cod",1,"B0","D1","E991","F1","I3","cod",100,"B0-D1-E991-F1-I3-cod-1"
