"","X","SpawnBio_om","Recruit_0_om","F_om","SpawnBio_em","Recruit_0_em","F_em","scenario","replicate","B","D","F","I","species","year","ID","SpawnBio_re","Recruit_0_re","F_re"
"1",1,4084110000,117617000,0,4510520000,129540000,0,"B1-D102-F1-I0-cos",1,"B1","D102","F1","I0","cos",1,"B1-D102-F1-I0-cos-1",0.10440708012272,0.1013714003928,NA
"2",2,4084110000,137851000,0,4510520000,129081000,0,"B1-D102-F1-I0-cos",1,"B1","D102","F1","I0","cos",2,"B1-D102-F1-I0-cos-1",0.10440708012272,-0.0636194151656499,NA
"3",3,4079680000,139463000,0,4509480000,128608000,0,"B1-D102-F1-I0-cos",1,"B1","D102","F1","I0","cos",3,"B1-D102-F1-I0-cos-1",0.105351400109813,-0.0778342642851509,NA
"4",4,4070370000,130254000,0,4505850000,128112000,0,"B1-D102-F1-I0-cos",1,"B1","D102","F1","I0","cos",4,"B1-D102-F1-I0-cos-1",0.106987816832376,-0.0164447924823806,NA
"5",5,4067420000,139987000,0,4499560000,127593000,0,"B1-D102-F1-I0-cos",1,"B1","D102","F1","I0","cos",5,"B1-D102-F1-I0-cos-1",0.106244253113767,-0.0885367927021795,NA
"6",6,4068680000,128697000,0,4490750000,127049000,0,"B1-D102-F1-I0-cos",1,"B1","D102","F1","I0","cos",6,"B1-D102-F1-I0-cos-1",0.103736346923326,-0.0128052712961452,NA
"7",7,4072600000,146890000,0,4479790000,126478000,0,"B1-D102-F1-I0-cos",1,"B1","D102","F1","I0","cos",7,"B1-D102-F1-I0-cos-1",0.0999828119628738,-0.138961127374226,NA
"8",8,4079710000,135829000,0,4467110000,125881000,0,"B1-D102-F1-I0-cos",1,"B1","D102","F1","I0","cos",8,"B1-D102-F1-I0-cos-1",0.0949577298386405,-0.0732391462795132,NA
"9",9,4088830000,128132000,0,4453080000,125255000,0,"B1-D102-F1-I0-cos",1,"B1","D102","F1","I0","cos",9,"B1-D102-F1-I0-cos-1",0.0890841634403974,-0.0224534074235944,NA
"10",10,4104620000,124660000,0,4437960000,124600000,0,"B1-D102-F1-I0-cos",1,"B1","D102","F1","I0","cos",10,"B1-D102-F1-I0-cos-1",0.081210928173619,-0.000481309160917696,NA
"11",11,4117820000,121200000,0,4421960000,123911000,0,"B1-D102-F1-I0-cos",1,"B1","D102","F1","I0","cos",11,"B1-D102-F1-I0-cos-1",0.0738594693308595,0.0223679867986799,NA
"12",12,4123180000,138403000,0,4405190000,123186000,0,"B1-D102-F1-I0-cos",1,"B1","D102","F1","I0","cos",12,"B1-D102-F1-I0-cos-1",0.0683962378552476,-0.109947038720259,NA
"13",13,4118050000,143761000,0,4387720000,122422000,0,"B1-D102-F1-I0-cos",1,"B1","D102","F1","I0","cos",13,"B1-D102-F1-I0-cos-1",0.0654848775512682,-0.14843385897427,NA
"14",14,4107330000,129825000,0,4369570000,121613000,0,"B1-D102-F1-I0-cos",1,"B1","D102","F1","I0","cos",14,"B1-D102-F1-I0-cos-1",0.063846829935749,-0.0632543808973618,NA
"15",15,4102870000,135239000,0,4350710000,120755000,0,"B1-D102-F1-I0-cos",1,"B1","D102","F1","I0","cos",15,"B1-D102-F1-I0-cos-1",0.0604064959406464,-0.107099283490709,NA
"16",16,4103820000,133672000,0,4331110000,119844000,0,"B1-D102-F1-I0-cos",1,"B1","D102","F1","I0","cos",16,"B1-D102-F1-I0-cos-1",0.0553849827721489,-0.103447244000239,NA
"17",17,4105180000,122527000,0,4310700000,118876000,0,"B1-D102-F1-I0-cos",1,"B1","D102","F1","I0","cos",17,"B1-D102-F1-I0-cos-1",0.0500635782109432,-0.0297975140173186,NA
"18",18,4108590000,145389000,0,4289420000,117845000,0,"B1-D102-F1-I0-cos",1,"B1","D102","F1","I0","cos",18,"B1-D102-F1-I0-cos-1",0.0440126661458067,-0.189450371073465,NA
"19",19,4108830000,111523000,0,4267160000,116750000,0,"B1-D102-F1-I0-cos",1,"B1","D102","F1","I0","cos",19,"B1-D102-F1-I0-cos-1",0.0385340839119652,0.0468692556692341,NA
"20",20,4107400000,123457000,0,4243850000,115589000,0,"B1-D102-F1-I0-cos",1,"B1","D102","F1","I0","cos",20,"B1-D102-F1-I0-cos-1",0.033220528801675,-0.0637306916578242,NA
"21",21,4105280000,133167000,0,4219360000,114364000,0,"B1-D102-F1-I0-cos",1,"B1","D102","F1","I0","cos",21,"B1-D102-F1-I0-cos-1",0.0277886039441889,-0.141198645310024,NA
"22",22,4089900000,132040000,0,4193580000,113080000,0,"B1-D102-F1-I0-cos",1,"B1","D102","F1","I0","cos",22,"B1-D102-F1-I0-cos-1",0.0253502530624221,-0.143592850651318,NA
"23",23,4072130000,137380000,0,4166410000,111747000,0,"B1-D102-F1-I0-cos",1,"B1","D102","F1","I0","cos",23,"B1-D102-F1-I0-cos-1",0.0231525024986923,-0.18658465569952,NA
"24",24,4057430000,135258000,0,4137740000,110377000,0,"B1-D102-F1-I0-cos",1,"B1","D102","F1","I0","cos",24,"B1-D102-F1-I0-cos-1",0.0197933174447865,-0.183952150704579,NA
"25",25,4048110000,125589000,0,4107480000,108984000,0,"B1-D102-F1-I0-cos",1,"B1","D102","F1","I0","cos",25,"B1-D102-F1-I0-cos-1",0.014666103440865,-0.132216993526503,NA
"26",26,4046430000,128123000,0,4075570000,107591000,0,"B1-D102-F1-I0-cos",1,"B1","D102","F1","I0","cos",26,"B1-D102-F1-I0-cos-1",0.0072014096376312,-0.160252257596216,NA
"27",27,4047420000,135824000,0.005,4041990000,106417000,0.00502802,"B1-D102-F1-I0-cos",1,"B1","D102","F1","I0","cos",27,"B1-D102-F1-I0-cos-1",-0.00134159538669078,-0.216508128165862,0.00560400000000003
"28",28,4026120000,133992000,0.01,3986880000,105114000,0.0101428,"B1-D102-F1-I0-cos",1,"B1","D102","F1","I0","cos",28,"B1-D102-F1-I0-cos-1",-0.00974635629340407,-0.215520329571915,0.01428
"29",29,3986440000,123089000,0.014,3911520000,103711000,0.0143425,"B1-D102-F1-I0-cos",1,"B1","D102","F1","I0","cos",29,"B1-D102-F1-I0-cos-1",-0.0187937106792025,-0.157430802102544,0.0244642857142856
"30",30,3936600000,131336000,0.019,3821740000,102218000,0.0196841,"B1-D102-F1-I0-cos",1,"B1","D102","F1","I0","cos",30,"B1-D102-F1-I0-cos-1",-0.0291774627851445,-0.221706158250594,0.0360052631578947
"31",31,3.87e+09,127469000,0.024,3715720000,100634000,0.0251312,"B1-D102-F1-I0-cos",1,"B1","D102","F1","I0","cos",31,"B1-D102-F1-I0-cos-1",-0.0398656330749354,-0.210521773921502,0.0471333333333333
"32",32,3786410000,141027000,0.029,3596010000,99002100,0.0307155,"B1-D102-F1-I0-cos",1,"B1","D102","F1","I0","cos",32,"B1-D102-F1-I0-cos-1",-0.0502850985498137,-0.297991873896488,0.059155172413793
"33",33,3691500000,134142000,0.034,3465120000,97331800,0.0364457,"B1-D102-F1-I0-cos",1,"B1","D102","F1","I0","cos",33,"B1-D102-F1-I0-cos-1",-0.0613246647704185,-0.274412190067242,0.0719323529411763
"34",34,3590280000,126471000,0.039,3325510000,95746800,0.0424451,"B1-D102-F1-I0-cos",1,"B1","D102","F1","I0","cos",34,"B1-D102-F1-I0-cos-1",-0.0737463373330214,-0.242934743933392,0.0883358974358974
"35",35,3489560000,118726000,0.043,3179150000,94410200,0.04763,"B1-D102-F1-I0-cos",1,"B1","D102","F1","I0","cos",35,"B1-D102-F1-I0-cos-1",-0.0889539082291177,-0.204806023954315,0.107674418604651
"36",36,3388040000,146184000,0.048,3031230000,87013500,0.0541527,"B1-D102-F1-I0-cos",1,"B1","D102","F1","I0","cos",36,"B1-D102-F1-I0-cos-1",-0.105314577159656,-0.404767279592842,0.12818125
"37",37,3277610000,123911000,0.053,2880130000,83100300,0.0608566,"B1-D102-F1-I0-cos",1,"B1","D102","F1","I0","cos",37,"B1-D102-F1-I0-cos-1",-0.121271292191566,-0.329354940239365,0.148237735849057
"38",38,3165190000,128735000,0.058,2725770000,146914000,0.0682206,"B1-D102-F1-I0-cos",1,"B1","D102","F1","I0","cos",38,"B1-D102-F1-I0-cos-1",-0.138828948657111,0.141212568454577,0.17621724137931
"39",39,3058390000,131672000,0.063,2565480000,114271000,0.0761279,"B1-D102-F1-I0-cos",1,"B1","D102","F1","I0","cos",39,"B1-D102-F1-I0-cos-1",-0.16116649609762,-0.132154140591773,0.208379365079365
"40",40,2948660000,123539000,0.067,2424200000,93503300,0.0817778,"B1-D102-F1-I0-cos",1,"B1","D102","F1","I0","cos",40,"B1-D102-F1-I0-cos-1",-0.177863843237267,-0.243127271549875,0.220564179104478
"41",41,2843980000,117896000,0.072,2325060000,92981500,0.0881342,"B1-D102-F1-I0-cos",1,"B1","D102","F1","I0","cos",41,"B1-D102-F1-I0-cos-1",-0.182462605222259,-0.211326084006243,0.224086111111111
"42",42,2740590000,131956000,0.077,2235610000,88593100,0.0945228,"B1-D102-F1-I0-cos",1,"B1","D102","F1","I0","cos",42,"B1-D102-F1-I0-cos-1",-0.184259593737115,-0.328616356967474,0.227568831168831
"43",43,2634070000,128653000,0.082,2141520000,98815200,0.101109,"B1-D102-F1-I0-cos",1,"B1","D102","F1","I0","cos",43,"B1-D102-F1-I0-cos-1",-0.186991993379067,-0.231924634481901,0.233036585365854
"44",44,2528320000,124551000,0.087,2039370000,110749000,0.10861,"B1-D102-F1-I0-cos",1,"B1","D102","F1","I0","cos",44,"B1-D102-F1-I0-cos-1",-0.193389286166308,-0.110814044046214,0.248390804597701
"45",45,2430390000,117050000,0.092,1931900000,87680600,0.116668,"B1-D102-F1-I0-cos",1,"B1","D102","F1","I0","cos",45,"B1-D102-F1-I0-cos-1",-0.20510699928818,-0.250913284920974,0.268130434782609
"46",46,2337430000,108236000,0.096,1831530000,90878400,0.123183,"B1-D102-F1-I0-cos",1,"B1","D102","F1","I0","cos",46,"B1-D102-F1-I0-cos-1",-0.216434288941273,-0.16036808455597,0.28315625
"47",47,2247920000,115054000,0.101,1739380000,100239000,0.131474,"B1-D102-F1-I0-cos",1,"B1","D102","F1","I0","cos",47,"B1-D102-F1-I0-cos-1",-0.226226911989751,-0.128765623098719,0.301722772277228
"48",48,2154300000,125388000,0.106,1643580000,103266000,0.139804,"B1-D102-F1-I0-cos",1,"B1","D102","F1","I0","cos",48,"B1-D102-F1-I0-cos-1",-0.237070045954602,-0.176428366350847,0.318905660377359
"49",49,2057410000,126597000,0.111,1551730000,108086000,0.147789,"B1-D102-F1-I0-cos",1,"B1","D102","F1","I0","cos",49,"B1-D102-F1-I0-cos-1",-0.245784748786095,-0.146219894626255,0.331432432432432
"50",50,1966660000,112580000,0.116,1470570000,92450900,0.155676,"B1-D102-F1-I0-cos",1,"B1","D102","F1","I0","cos",50,"B1-D102-F1-I0-cos-1",-0.252250007627145,-0.178798187955232,0.342034482758621
"51",51,1887930000,121314000,0.121,1402220000,114175000,0.163269,"B1-D102-F1-I0-cos",1,"B1","D102","F1","I0","cos",51,"B1-D102-F1-I0-cos-1",-0.257271191198826,-0.0588472888537184,0.349330578512397
"52",52,1816270000,113501000,0.125,1340620000,109068000,0.169844,"B1-D102-F1-I0-cos",1,"B1","D102","F1","I0","cos",52,"B1-D102-F1-I0-cos-1",-0.261882869837634,-0.0390569246085938,0.358752
"53",53,1749090000,103965000,0.13,1286210000,90583400,0.176524,"B1-D102-F1-I0-cos",1,"B1","D102","F1","I0","cos",53,"B1-D102-F1-I0-cos-1",-0.264640470187355,-0.128712547491944,0.357876923076923
"54",54,1685980000,112614000,0.135,1244360000,95698000,0.182095,"B1-D102-F1-I0-cos",1,"B1","D102","F1","I0","cos",54,"B1-D102-F1-I0-cos-1",-0.26193667777791,-0.150212229385334,0.348851851851852
"55",55,1620200000,110815000,0.14,1203070000,98526900,0.188064,"B1-D102-F1-I0-cos",1,"B1","D102","F1","I0","cos",55,"B1-D102-F1-I0-cos-1",-0.257455869645723,-0.110888417632992,0.343314285714286
"56",56,1552510000,113614000,0.145,1155790000,100479000,0.194653,"B1-D102-F1-I0-cos",1,"B1","D102","F1","I0","cos",56,"B1-D102-F1-I0-cos-1",-0.255534585928593,-0.115610752196032,0.342434482758621
"57",57,1488560000,100475000,0.149,1107900000,92818100,0.200105,"B1-D102-F1-I0-cos",1,"B1","D102","F1","I0","cos",57,"B1-D102-F1-I0-cos-1",-0.255723652388886,-0.0762070166708136,0.342986577181208
"58",58,1430640000,106368000,0.154,1064210000,95777400,0.206982,"B1-D102-F1-I0-cos",1,"B1","D102","F1","I0","cos",58,"B1-D102-F1-I0-cos-1",-0.256130123581055,-0.0995656588447653,0.344038961038961
"59",59,1374850000,101290000,0.159,1021760000,88474800,0.213833,"B1-D102-F1-I0-cos",1,"B1","D102","F1","I0","cos",59,"B1-D102-F1-I0-cos-1",-0.256820744081173,-0.126519893375457,0.344861635220126
"60",60,1318210000,100469000,0.164,979294000,94947300,0.220682,"B1-D102-F1-I0-cos",1,"B1","D102","F1","I0","cos",60,"B1-D102-F1-I0-cos-1",-0.257103192966219,-0.0549592411589645,0.345621951219512
"61",61,1263690000,97688000,0.169,936722000,87472200,0.228306,"B1-D102-F1-I0-cos",1,"B1","D102","F1","I0","cos",61,"B1-D102-F1-I0-cos-1",-0.25874067215852,-0.104575792318401,0.350923076923077
"62",62,1209900000,98597800,0.174,894240000,95792300,0.235324,"B1-D102-F1-I0-cos",1,"B1","D102","F1","I0","cos",62,"B1-D102-F1-I0-cos-1",-0.260897594842549,-0.0284539817318439,0.352436781609196
"63",63,1157460000,95147900,0.178,853898000,94682300,0.241377,"B1-D102-F1-I0-cos",1,"B1","D102","F1","I0","cos",63,"B1-D102-F1-I0-cos-1",-0.262265650648835,-0.00489343432697937,0.356050561797753
"64",64,1108080000,96866500,0.183,817232000,78348500,0.24737,"B1-D102-F1-I0-cos",1,"B1","D102","F1","I0","cos",64,"B1-D102-F1-I0-cos-1",-0.26247924337593,-0.19117032204116,0.351748633879782
"65",65,1061180000,88808300,0.188,787415000,76629100,0.251949,"B1-D102-F1-I0-cos",1,"B1","D102","F1","I0","cos",65,"B1-D102-F1-I0-cos-1",-0.257981680770463,-0.137140334856089,0.340154255319149
"66",66,1016780000,97600600,0.188,757390000,92316000,0.252723,"B1-D102-F1-I0-cos",1,"B1","D102","F1","I0","cos",66,"B1-D102-F1-I0-cos-1",-0.255109266507996,-0.054145158943695,0.344271276595745
"67",67,978750000,89396200,0.185,724161000,82488200,0.250889,"B1-D102-F1-I0-cos",1,"B1","D102","F1","I0","cos",67,"B1-D102-F1-I0-cos-1",-0.260116475095785,-0.0772739780885541,0.356156756756757
"68",68,949266000,88691100,0.181,698361000,76565500,0.245679,"B1-D102-F1-I0-cos",1,"B1","D102","F1","I0","cos",68,"B1-D102-F1-I0-cos-1",-0.264314744233966,-0.136717212888328,0.357342541436464
"69",69,929971000,96508000,0.178,684691000,85492200,0.241171,"B1-D102-F1-I0-cos",1,"B1","D102","F1","I0","cos",69,"B1-D102-F1-I0-cos-1",-0.263750159951224,-0.114143905168483,0.354893258426966
"70",70,914827000,89992000,0.175,674160000,83920100,0.237319,"B1-D102-F1-I0-cos",1,"B1","D102","F1","I0","cos",70,"B1-D102-F1-I0-cos-1",-0.263073783349202,-0.0674715530269357,0.356108571428572
"71",71,906081000,92427900,0.171,667640000,79572100,0.231586,"B1-D102-F1-I0-cos",1,"B1","D102","F1","I0","cos",71,"B1-D102-F1-I0-cos-1",-0.263156384473353,-0.139090036666418,0.354304093567251
"72",72,904836000,92484700,0.168,668971000,77912000,0.226233,"B1-D102-F1-I0-cos",1,"B1","D102","F1","I0","cos",72,"B1-D102-F1-I0-cos-1",-0.260671547109089,-0.157568765428228,0.346625
"73",73,906654000,88771900,0.165,673782000,84053100,0.22147,"B1-D102-F1-I0-cos",1,"B1","D102","F1","I0","cos",73,"B1-D102-F1-I0-cos-1",-0.256847705960598,-0.0531564605466369,0.342242424242424
"74",74,912130000,85178400,0.161,678750000,69888900,0.216176,"B1-D102-F1-I0-cos",1,"B1","D102","F1","I0","cos",74,"B1-D102-F1-I0-cos-1",-0.255862651157182,-0.179499732326505,0.342708074534162
"75",75,920109000,97789200,0.158,686254000,82696900,0.210939,"B1-D102-F1-I0-cos",1,"B1","D102","F1","I0","cos",75,"B1-D102-F1-I0-cos-1",-0.254160104944088,-0.154335039043166,0.335056962025316
"76",76,926777000,94434500,0.154,693475000,85044400,0.205719,"B1-D102-F1-I0-cos",1,"B1","D102","F1","I0","cos",76,"B1-D102-F1-I0-cos-1",-0.251734775463785,-0.0994350581620065,0.335837662337662
"77",77,936118000,100566000,0.151,699987000,76167800,0.201794,"B1-D102-F1-I0-cos",1,"B1","D102","F1","I0","cos",77,"B1-D102-F1-I0-cos-1",-0.252244909295623,-0.242608833999562,0.336384105960265
"78",78,951359000,92928400,0.148,712264000,86135700,0.197133,"B1-D102-F1-I0-cos",1,"B1","D102","F1","I0","cos",78,"B1-D102-F1-I0-cos-1",-0.251319428312551,-0.0730960610534562,0.33197972972973
"79",79,971065000,89358800,0.144,726781000,70368000,0.19283,"B1-D102-F1-I0-cos",1,"B1","D102","F1","I0","cos",79,"B1-D102-F1-I0-cos-1",-0.251562974672138,-0.212522997175432,0.339097222222222
"80",80,994930000,98329200,0.141,742509000,78568400,0.188567,"B1-D102-F1-I0-cos",1,"B1","D102","F1","I0","cos",80,"B1-D102-F1-I0-cos-1",-0.253707295990673,-0.200965735508882,0.337354609929078
"81",81,1015970000,104008000,0.138,757422000,88042900,0.185505,"B1-D102-F1-I0-cos",1,"B1","D102","F1","I0","cos",81,"B1-D102-F1-I0-cos-1",-0.254483892240913,-0.153498769325437,0.344239130434782
"82",82,1035780000,95635300,0.134,767123000,83419100,0.18147,"B1-D102-F1-I0-cos",1,"B1","D102","F1","I0","cos",82,"B1-D102-F1-I0-cos-1",-0.259376508524976,-0.127737352211997,0.354253731343283
"83",83,1061090000,96674200,0.131,781226000,82944100,0.178042,"B1-D102-F1-I0-cos",1,"B1","D102","F1","I0","cos",83,"B1-D102-F1-I0-cos-1",-0.263751425421029,-0.142024449129137,0.359099236641221
"84",84,1089230000,96145200,0.128,800546000,81772700,0.173888,"B1-D102-F1-I0-cos",1,"B1","D102","F1","I0","cos",84,"B1-D102-F1-I0-cos-1",-0.265034932934275,-0.149487441910777,0.3585
"85",85,1115690000,98458600,0.124,821637000,76746200,0.1679,"B1-D102-F1-I0-cos",1,"B1","D102","F1","I0","cos",85,"B1-D102-F1-I0-cos-1",-0.263561562799702,-0.220523143737571,0.354032258064516
"86",86,1141910000,104522000,0.121,844404000,92498300,0.163147,"B1-D102-F1-I0-cos",1,"B1","D102","F1","I0","cos",86,"B1-D102-F1-I0-cos-1",-0.260533667276756,-0.115035112225177,0.348322314049587
"87",87,1167210000,102056000,0.118,864969000,78915300,0.159168,"B1-D102-F1-I0-cos",1,"B1","D102","F1","I0","cos",87,"B1-D102-F1-I0-cos-1",-0.258943120775182,-0.226745120326095,0.348881355932203
"88",88,1194560000,103958000,0.114,886842000,85221900,0.152989,"B1-D102-F1-I0-cos",1,"B1","D102","F1","I0","cos",88,"B1-D102-F1-I0-cos-1",-0.257599450843825,-0.180227591912118,0.342008771929825
"89",89,1226400000,98576100,0.111,913574000,82405300,0.14891,"B1-D102-F1-I0-cos",1,"B1","D102","F1","I0","cos",89,"B1-D102-F1-I0-cos-1",-0.255076647097195,-0.164043819952301,0.341531531531531
"90",90,1259830000,103320000,0.108,938557000,75658300,0.144841,"B1-D102-F1-I0-cos",1,"B1","D102","F1","I0","cos",90,"B1-D102-F1-I0-cos-1",-0.255012977941468,-0.26772841656988,0.34112037037037
"91",91,1293140000,99483800,0.104,963873000,85056600,0.139363,"B1-D102-F1-I0-cos",1,"B1","D102","F1","I0","cos",91,"B1-D102-F1-I0-cos-1",-0.254625949239835,-0.145020596318195,0.340028846153846
"92",92,1326120000,106280000,0.101,986876000,92217600,0.136016,"B1-D102-F1-I0-cos",1,"B1","D102","F1","I0","cos",92,"B1-D102-F1-I0-cos-1",-0.255816969806654,-0.132314640572074,0.346693069306931
"93",93,1358470000,98207500,0.097,1007070000,68767500,0.130748,"B1-D102-F1-I0-cos",1,"B1","D102","F1","I0","cos",93,"B1-D102-F1-I0-cos-1",-0.258673360471707,-0.299773438892142,0.347917525773196
"94",94,1391800000,111559000,0.094,1034120000,87196800,0.126085,"B1-D102-F1-I0-cos",1,"B1","D102","F1","I0","cos",94,"B1-D102-F1-I0-cos-1",-0.25699094697514,-0.218379512186377,0.341329787234043
"95",95,1425420000,105313000,0.091,1060990000,82095800,0.12241,"B1-D102-F1-I0-cos",1,"B1","D102","F1","I0","cos",95,"B1-D102-F1-I0-cos-1",-0.255664996983345,-0.220459012657507,0.345164835164835
"96",96,1459540000,108185000,0.087,1082940000,93547400,0.11735,"B1-D102-F1-I0-cos",1,"B1","D102","F1","I0","cos",96,"B1-D102-F1-I0-cos-1",-0.258026501500473,-0.135301566760642,0.348850574712644
"97",97,1499600000,116137000,0.084,1109230000,93725700,0.113643,"B1-D102-F1-I0-cos",1,"B1","D102","F1","I0","cos",97,"B1-D102-F1-I0-cos-1",-0.260316084289144,-0.192972954355632,0.352892857142857
"98",98,1540770000,117801000,0.081,1139660000,96386700,0.109179,"B1-D102-F1-I0-cos",1,"B1","D102","F1","I0","cos",98,"B1-D102-F1-I0-cos-1",-0.260330873524277,-0.181783686046808,0.347888888888889
"99",99,1586150000,110604000,0.077,1179540000,81481700,0.103108,"B1-D102-F1-I0-cos",1,"B1","D102","F1","I0","cos",99,"B1-D102-F1-I0-cos-1",-0.256350282129685,-0.263302412209323,0.339064935064935
"100",100,1639800000,109598000,0.074,1229180000,95740300,0.0982297,"B1-D102-F1-I0-cos",1,"B1","D102","F1","I0","cos",100,"B1-D102-F1-I0-cos-1",-0.250408586412977,-0.126441175933867,0.327428378378378
"101",101,4084110000,117617000,0,4565710000,93918000,0,"B2-D102-F1-I0-cos",1,"B2","D102","F1","I0","cos",1,"B2-D102-F1-I0-cos-1",0.117920428196106,-0.201492981456762,NA
"102",102,4084110000,137851000,0,4565710000,88162300,0,"B2-D102-F1-I0-cos",1,"B2","D102","F1","I0","cos",2,"B2-D102-F1-I0-cos-1",0.117920428196106,-0.360452227404952,NA
"103",103,4079680000,139463000,0,4549330000,143085000,0,"B2-D102-F1-I0-cos",1,"B2","D102","F1","I0","cos",3,"B2-D102-F1-I0-cos-1",0.115119323084163,0.0259710460839076,NA
"104",104,4070370000,130254000,0,4505730000,118286000,0,"B2-D102-F1-I0-cos",1,"B2","D102","F1","I0","cos",4,"B2-D102-F1-I0-cos-1",0.106958335483015,-0.0918820151396502,NA
"105",105,4067420000,139987000,0,4491380000,79161200,0,"B2-D102-F1-I0-cos",1,"B2","D102","F1","I0","cos",5,"B2-D102-F1-I0-cos-1",0.104233150252494,-0.4345103473894,NA
"106",106,4068680000,128697000,0,4505270000,100048000,0,"B2-D102-F1-I0-cos",1,"B2","D102","F1","I0","cos",6,"B2-D102-F1-I0-cos-1",0.107305071915216,-0.222608141603922,NA
"107",107,4072600000,146890000,0,4473330000,73779700,0,"B2-D102-F1-I0-cos",1,"B2","D102","F1","I0","cos",7,"B2-D102-F1-I0-cos-1",0.0983966016795168,-0.497721424194976,NA
"108",108,4079710000,135829000,0,4428100000,106198000,0,"B2-D102-F1-I0-cos",1,"B2","D102","F1","I0","cos",8,"B2-D102-F1-I0-cos-1",0.0853957756801341,-0.218149290652217,NA
"109",109,4088830000,128132000,0,4377910000,72261800,0,"B2-D102-F1-I0-cos",1,"B2","D102","F1","I0","cos",9,"B2-D102-F1-I0-cos-1",0.0706999312761841,-0.436036275091312,NA
"110",110,4104620000,124660000,0,4313680000,121378000,0,"B2-D102-F1-I0-cos",1,"B2","D102","F1","I0","cos",10,"B2-D102-F1-I0-cos-1",0.0509328512749049,-0.026327611102198,NA
"111",111,4117820000,121200000,0,4238420000,124771000,0,"B2-D102-F1-I0-cos",1,"B2","D102","F1","I0","cos",11,"B2-D102-F1-I0-cos-1",0.0292873413602343,0.029463696369637,NA
"112",112,4123180000,138403000,0,4171310000,68935600,0,"B2-D102-F1-I0-cos",1,"B2","D102","F1","I0","cos",12,"B2-D102-F1-I0-cos-1",0.0116730290697956,-0.501921201130033,NA
"113",113,4118050000,143761000,0,4159160000,373151000,0,"B2-D102-F1-I0-cos",1,"B2","D102","F1","I0","cos",13,"B2-D102-F1-I0-cos-1",0.00998288024671871,1.59563442101822,NA
"114",114,4107330000,129825000,0,4121330000,92850400,0,"B2-D102-F1-I0-cos",1,"B2","D102","F1","I0","cos",14,"B2-D102-F1-I0-cos-1",0.00340854034129228,-0.284803389177739,NA
"115",115,4102870000,135239000,0,4294090000,233902000,0,"B2-D102-F1-I0-cos",1,"B2","D102","F1","I0","cos",15,"B2-D102-F1-I0-cos-1",0.0466063999103067,0.72954547135072,NA
"116",116,4103820000,133672000,0,4576850000,48790500,0,"B2-D102-F1-I0-cos",1,"B2","D102","F1","I0","cos",16,"B2-D102-F1-I0-cos-1",0.115265776764088,-0.634998354180382,NA
"117",117,4105180000,122527000,0,4783250000,45695800,0,"B2-D102-F1-I0-cos",1,"B2","D102","F1","I0","cos",17,"B2-D102-F1-I0-cos-1",0.165174243273133,-0.627055261289349,NA
"118",118,4108590000,145389000,0,5011900000,197562000,0,"B2-D102-F1-I0-cos",1,"B2","D102","F1","I0","cos",18,"B2-D102-F1-I0-cos-1",0.219858881027311,0.358851082268947,NA
"119",119,4108830000,111523000,0,5059790000,104039000,0,"B2-D102-F1-I0-cos",1,"B2","D102","F1","I0","cos",19,"B2-D102-F1-I0-cos-1",0.231443014191388,-0.0671072334854694,NA
"120",120,4107400000,123457000,0,5144280000,95467000,0,"B2-D102-F1-I0-cos",1,"B2","D102","F1","I0","cos",20,"B2-D102-F1-I0-cos-1",0.252441934070215,-0.226718614578355,NA
"121",121,4105280000,133167000,0,5213220000,250680000,0,"B2-D102-F1-I0-cos",1,"B2","D102","F1","I0","cos",21,"B2-D102-F1-I0-cos-1",0.269881713305792,0.882448354322017,NA
"122",122,4089900000,132040000,0,5170150000,92704800,0,"B2-D102-F1-I0-cos",1,"B2","D102","F1","I0","cos",22,"B2-D102-F1-I0-cos-1",0.264126262255801,-0.297903665555892,NA
"123",123,4072130000,137380000,0,5223230000,117269000,0,"B2-D102-F1-I0-cos",1,"B2","D102","F1","I0","cos",23,"B2-D102-F1-I0-cos-1",0.282677615891438,-0.146389576357548,NA
"124",124,4057430000,135258000,0,5319180000,86661500,0,"B2-D102-F1-I0-cos",1,"B2","D102","F1","I0","cos",24,"B2-D102-F1-I0-cos-1",0.310972709325854,-0.359287435863313,NA
"125",125,4048110000,125589000,0,5300320000,178820000,0,"B2-D102-F1-I0-cos",1,"B2","D102","F1","I0","cos",25,"B2-D102-F1-I0-cos-1",0.309332009258642,0.423850814959909,NA
"126",126,4046430000,128123000,0,5274090000,202487000,0,"B2-D102-F1-I0-cos",1,"B2","D102","F1","I0","cos",26,"B2-D102-F1-I0-cos-1",0.303393361555742,0.580411011293835,NA
"127",127,4047420000,135824000,0.005,5284010000,119896000,0.00389521,"B2-D102-F1-I0-cos",1,"B2","D102","F1","I0","cos",27,"B2-D102-F1-I0-cos-1",0.305525495253767,-0.117269407468489,-0.220958
"128",128,4026120000,133992000,0.01,5353500000,65000100,0.00772838,"B2-D102-F1-I0-cos",1,"B2","D102","F1","I0","cos",28,"B2-D102-F1-I0-cos-1",0.329692110518315,-0.51489566541286,-0.227162
"129",129,3986440000,123089000,0.014,5367010000,76274200,0.010601,"B2-D102-F1-I0-cos",1,"B2","D102","F1","I0","cos",29,"B2-D102-F1-I0-cos-1",0.346316512978999,-0.38033292983126,-0.242785714285714
"130",130,3936600000,131336000,0.019,5283340000,101982000,0.0143592,"B2-D102-F1-I0-cos",1,"B2","D102","F1","I0","cos",30,"B2-D102-F1-I0-cos-1",0.342107402326881,-0.223503076079674,-0.244252631578947
"131",131,3.87e+09,127469000,0.024,5135870000,111135000,0.0184028,"B2-D102-F1-I0-cos",1,"B2","D102","F1","I0","cos",31,"B2-D102-F1-I0-cos-1",0.32709819121447,-0.128140959762766,-0.233216666666667
"132",132,3786410000,141027000,0.029,4964750000,91848800,0.0226952,"B2-D102-F1-I0-cos",1,"B2","D102","F1","I0","cos",32,"B2-D102-F1-I0-cos-1",0.311202431854976,-0.348714785112071,-0.217406896551724
"133",133,3691500000,134142000,0.034,4764610000,123415000,0.0271519,"B2-D102-F1-I0-cos",1,"B2","D102","F1","I0","cos",33,"B2-D102-F1-I0-cos-1",0.290697548422051,-0.0799674971299071,-0.201414705882353
"134",134,3590280000,126471000,0.039,4534320000,94549900,0.0318524,"B2-D102-F1-I0-cos",1,"B2","D102","F1","I0","cos",34,"B2-D102-F1-I0-cos-1",0.262943280189846,-0.25239857358604,-0.183271794871795
"135",135,3489560000,118726000,0.043,4317920000,121189000,0.0358144,"B2-D102-F1-I0-cos",1,"B2","D102","F1","I0","cos",35,"B2-D102-F1-I0-cos-1",0.237382363392519,0.0207452453548507,-0.167106976744186
"136",136,3388040000,146184000,0.048,4122690000,80295700,0.0407526,"B2-D102-F1-I0-cos",1,"B2","D102","F1","I0","cos",36,"B2-D102-F1-I0-cos-1",0.216836282924641,-0.450721693208559,-0.1509875
"137",137,3277610000,123911000,0.053,3933660000,102964000,0.04537,"B2-D102-F1-I0-cos",1,"B2","D102","F1","I0","cos",37,"B2-D102-F1-I0-cos-1",0.20016109299154,-0.169048752733817,-0.143962264150943
"138",138,3165190000,128735000,0.058,3749880000,74879700,0.0506233,"B2-D102-F1-I0-cos",1,"B2","D102","F1","I0","cos",38,"B2-D102-F1-I0-cos-1",0.184725087593478,-0.418342331145376,-0.127184482758621
"139",139,3058390000,131672000,0.063,3558520000,107726000,0.0556583,"B2-D102-F1-I0-cos",1,"B2","D102","F1","I0","cos",39,"B2-D102-F1-I0-cos-1",0.163527215299553,-0.181860987909351,-0.116534920634921
"140",140,2948660000,123539000,0.067,3371750000,71550700,0.060691,"B2-D102-F1-I0-cos",1,"B2","D102","F1","I0","cos",40,"B2-D102-F1-I0-cos-1",0.143485515454478,-0.420825002630748,-0.0941641791044776
"141",141,2843980000,117896000,0.072,3189500000,52418100,0.0663134,"B2-D102-F1-I0-cos",1,"B2","D102","F1","I0","cos",41,"B2-D102-F1-I0-cos-1",0.121491712318652,-0.555386951211237,-0.0789805555555556
"142",142,2740590000,131956000,0.077,3012610000,76502000,0.0729869,"B2-D102-F1-I0-cos",1,"B2","D102","F1","I0","cos",42,"B2-D102-F1-I0-cos-1",0.0992559996205197,-0.420246142653612,-0.0521181818181819
"143",143,2634070000,128653000,0.082,2793460000,84524200,0.0800124,"B2-D102-F1-I0-cos",1,"B2","D102","F1","I0","cos",43,"B2-D102-F1-I0-cos-1",0.0605109203627846,-0.343006381506844,-0.024239024390244
"144",144,2528320000,124551000,0.087,2580880000,79766700,0.0889673,"B2-D102-F1-I0-cos",1,"B2","D102","F1","I0","cos",44,"B2-D102-F1-I0-cos-1",0.0207885077838248,-0.359565960931667,0.022612643678161
"145",145,2430390000,117050000,0.092,2393330000,70565200,0.0983138,"B2-D102-F1-I0-cos",1,"B2","D102","F1","I0","cos",45,"B2-D102-F1-I0-cos-1",-0.0152485815033801,-0.397136266552755,0.0686282608695653
"146",146,2337430000,108236000,0.096,2215130000,67571700,0.106727,"B2-D102-F1-I0-cos",1,"B2","D102","F1","I0","cos",46,"B2-D102-F1-I0-cos-1",-0.0523224224896574,-0.375700321519642,0.111739583333333
"147",147,2247920000,115054000,0.101,2042120000,82843000,0.117041,"B2-D102-F1-I0-cos",1,"B2","D102","F1","I0","cos",47,"B2-D102-F1-I0-cos-1",-0.0915513007580341,-0.279964190727832,0.158821782178218
"148",148,2154300000,125388000,0.106,1877350000,83013300,0.127823,"B2-D102-F1-I0-cos",1,"B2","D102","F1","I0","cos",48,"B2-D102-F1-I0-cos-1",-0.128556839808755,-0.337948607522251,0.205877358490566
"149",149,2057410000,126597000,0.111,1734930000,103623000,0.138768,"B2-D102-F1-I0-cos",1,"B2","D102","F1","I0","cos",49,"B2-D102-F1-I0-cos-1",-0.156740756582305,-0.181473494632574,0.250162162162162
"150",150,1966660000,112580000,0.116,1615110000,76029700,0.14967,"B2-D102-F1-I0-cos",1,"B2","D102","F1","I0","cos",50,"B2-D102-F1-I0-cos-1",-0.178754843236757,-0.324660685734589,0.290258620689655
"151",151,1887930000,121314000,0.121,1524520000,100437000,0.158839,"B2-D102-F1-I0-cos",1,"B2","D102","F1","I0","cos",51,"B2-D102-F1-I0-cos-1",-0.192491247027167,-0.172090607844107,0.312719008264463
"152",152,1816270000,113501000,0.125,1445200000,86503200,0.166594,"B2-D102-F1-I0-cos",1,"B2","D102","F1","I0","cos",52,"B2-D102-F1-I0-cos-1",-0.204303324946181,-0.237863983577237,0.332752
"153",153,1749090000,103965000,0.13,1378820000,85457200,0.173554,"B2-D102-F1-I0-cos",1,"B2","D102","F1","I0","cos",53,"B2-D102-F1-I0-cos-1",-0.211692937470342,-0.178019525801953,0.335030769230769
"154",154,1685980000,112614000,0.135,1331360000,78589800,0.181649,"B2-D102-F1-I0-cos",1,"B2","D102","F1","I0","cos",54,"B2-D102-F1-I0-cos-1",-0.210334642166574,-0.302131173743939,0.345548148148148
"155",155,1620200000,110815000,0.14,1276480000,90862800,0.186991,"B2-D102-F1-I0-cos",1,"B2","D102","F1","I0","cos",55,"B2-D102-F1-I0-cos-1",-0.212146648561906,-0.18004963227,0.33565
"156",156,1552510000,113614000,0.145,1221320000,80235100,0.195062,"B2-D102-F1-I0-cos",1,"B2","D102","F1","I0","cos",56,"B2-D102-F1-I0-cos-1",-0.21332551803209,-0.293792138292816,0.345255172413793
"157",157,1488560000,100475000,0.149,1171510000,87487000,0.200505,"B2-D102-F1-I0-cos",1,"B2","D102","F1","I0","cos",57,"B2-D102-F1-I0-cos-1",-0.212991078626323,-0.129265986563822,0.345671140939597
"158",158,1430640000,106368000,0.154,1126440000,76052900,0.208724,"B2-D102-F1-I0-cos",1,"B2","D102","F1","I0","cos",58,"B2-D102-F1-I0-cos-1",-0.212632108706593,-0.285002068291215,0.355350649350649
"159",159,1374850000,101290000,0.159,1079580000,80868600,0.215088,"B2-D102-F1-I0-cos",1,"B2","D102","F1","I0","cos",59,"B2-D102-F1-I0-cos-1",-0.214765247117867,-0.201613189850923,0.352754716981132
"160",160,1318210000,100469000,0.164,1033660000,81059900,0.223643,"B2-D102-F1-I0-cos",1,"B2","D102","F1","I0","cos",60,"B2-D102-F1-I0-cos-1",-0.215860902284158,-0.193184962525754,0.363676829268293
"161",161,1263690000,97688000,0.169,984764000,78113200,0.23118,"B2-D102-F1-I0-cos",1,"B2","D102","F1","I0","cos",61,"B2-D102-F1-I0-cos-1",-0.220723436918865,-0.200380804192941,0.36792899408284
"162",162,1209900000,98597800,0.174,942364000,80158400,0.239807,"B2-D102-F1-I0-cos",1,"B2","D102","F1","I0","cos",62,"B2-D102-F1-I0-cos-1",-0.22112240681048,-0.187016343163843,0.378201149425287
"163",163,1157460000,95147900,0.178,899491000,82646300,0.245716,"B2-D102-F1-I0-cos",1,"B2","D102","F1","I0","cos",63,"B2-D102-F1-I0-cos-1",-0.222875088555976,-0.131391234068224,0.380426966292135
"164",164,1108080000,96866500,0.183,861145000,66717600,0.253012,"B2-D102-F1-I0-cos",1,"B2","D102","F1","I0","cos",64,"B2-D102-F1-I0-cos-1",-0.222849433253917,-0.311241760567379,0.382579234972678
"165",165,1061180000,88808300,0.188,829760000,70738800,0.259265,"B2-D102-F1-I0-cos",1,"B2","D102","F1","I0","cos",65,"B2-D102-F1-I0-cos-1",-0.21807798865414,-0.203466342672926,0.37906914893617
"166",166,1016780000,97600600,0.188,791614000,79238600,0.260994,"B2-D102-F1-I0-cos",1,"B2","D102","F1","I0","cos",66,"B2-D102-F1-I0-cos-1",-0.221450067861288,-0.188134089339615,0.388265957446809
"167",167,978750000,89396200,0.185,752296000,73097900,0.258752,"B2-D102-F1-I0-cos",1,"B2","D102","F1","I0","cos",67,"B2-D102-F1-I0-cos-1",-0.231370625798212,-0.18231535568626,0.398659459459459
"168",168,949266000,88691100,0.181,731197000,66254500,0.255093,"B2-D102-F1-I0-cos",1,"B2","D102","F1","I0","cos",68,"B2-D102-F1-I0-cos-1",-0.229723807657706,-0.252974650218568,0.409353591160221
"169",169,929971000,96508000,0.178,718603000,74996600,0.250084,"B2-D102-F1-I0-cos",1,"B2","D102","F1","I0","cos",69,"B2-D102-F1-I0-cos-1",-0.227284506721177,-0.222897583620011,0.404966292134831
"170",170,914827000,89992000,0.175,703761000,69025300,0.245509,"B2-D102-F1-I0-cos",1,"B2","D102","F1","I0","cos",70,"B2-D102-F1-I0-cos-1",-0.230716845917316,-0.232984043026047,0.402908571428572
"171",171,906081000,92427900,0.171,697600000,72754000,0.240314,"B2-D102-F1-I0-cos",1,"B2","D102","F1","I0","cos",71,"B2-D102-F1-I0-cos-1",-0.230090907987255,-0.21285672399784,0.405345029239766
"172",172,904836000,92484700,0.168,698141000,69314400,0.236308,"B2-D102-F1-I0-cos",1,"B2","D102","F1","I0","cos",72,"B2-D102-F1-I0-cos-1",-0.228433660906507,-0.250531168939295,0.406595238095238
"173",173,906654000,88771900,0.165,699861000,73805100,0.230938,"B2-D102-F1-I0-cos",1,"B2","D102","F1","I0","cos",73,"B2-D102-F1-I0-cos-1",-0.228083701169355,-0.168598396564679,0.399624242424242
"174",174,912130000,85178400,0.161,705140000,61025700,0.225421,"B2-D102-F1-I0-cos",1,"B2","D102","F1","I0","cos",74,"B2-D102-F1-I0-cos-1",-0.226930371767182,-0.283554281367107,0.400130434782609
"175",175,920109000,97789200,0.158,714592000,71575100,0.219288,"B2-D102-F1-I0-cos",1,"B2","D102","F1","I0","cos",75,"B2-D102-F1-I0-cos-1",-0.223361579986719,-0.268067434849656,0.387898734177215
"176",176,926777000,94434500,0.154,720087000,71543000,0.213383,"B2-D102-F1-I0-cos",1,"B2","D102","F1","I0","cos",76,"B2-D102-F1-I0-cos-1",-0.22302020874493,-0.242406112172988,0.385603896103896
"177",177,936118000,100566000,0.151,726425000,68245200,0.208897,"B2-D102-F1-I0-cos",1,"B2","D102","F1","I0","cos",77,"B2-D102-F1-I0-cos-1",-0.224002743243907,-0.321388938607482,0.383423841059603
"178",178,951359000,92928400,0.148,741417000,74336500,0.205578,"B2-D102-F1-I0-cos",1,"B2","D102","F1","I0","cos",78,"B2-D102-F1-I0-cos-1",-0.220675896270493,-0.200066933251837,0.389040540540541
"179",179,971065000,89358800,0.144,753429000,64789300,0.200227,"B2-D102-F1-I0-cos",1,"B2","D102","F1","I0","cos",79,"B2-D102-F1-I0-cos-1",-0.224120939380989,-0.274953334198758,0.390465277777778
"180",180,994930000,98329200,0.141,769728000,66920300,0.196243,"B2-D102-F1-I0-cos",1,"B2","D102","F1","I0","cos",80,"B2-D102-F1-I0-cos-1",-0.226349592433639,-0.319425969091582,0.391794326241135
"181",181,1015970000,104008000,0.138,784034000,76567900,0.192267,"B2-D102-F1-I0-cos",1,"B2","D102","F1","I0","cos",81,"B2-D102-F1-I0-cos-1",-0.228290205419451,-0.263826821013768,0.393239130434782
"182",182,1035780000,95635300,0.134,793183000,72466500,0.187232,"B2-D102-F1-I0-cos",1,"B2","D102","F1","I0","cos",82,"B2-D102-F1-I0-cos-1",-0.234216725559482,-0.24226200994821,0.397253731343284
"183",183,1061090000,96674200,0.131,812078000,75098300,0.184225,"B2-D102-F1-I0-cos",1,"B2","D102","F1","I0","cos",83,"B2-D102-F1-I0-cos-1",-0.234675663704304,-0.2231815727464,0.406297709923664
"184",184,1089230000,96145200,0.128,834244000,67420600,0.179523,"B2-D102-F1-I0-cos",1,"B2","D102","F1","I0","cos",84,"B2-D102-F1-I0-cos-1",-0.234097481707261,-0.29876270474241,0.4025234375
"185",185,1115690000,98458600,0.124,856526000,71792000,0.172453,"B2-D102-F1-I0-cos",1,"B2","D102","F1","I0","cos",85,"B2-D102-F1-I0-cos-1",-0.232290331543708,-0.270840739153309,0.39075
"186",186,1141910000,104522000,0.121,878399000,74028700,0.167742,"B2-D102-F1-I0-cos",1,"B2","D102","F1","I0","cos",86,"B2-D102-F1-I0-cos-1",-0.230763370143006,-0.291740494824056,0.386297520661157
"187",187,1167210000,102056000,0.118,898534000,73062800,0.162743,"B2-D102-F1-I0-cos",1,"B2","D102","F1","I0","cos",87,"B2-D102-F1-I0-cos-1",-0.230186513138167,-0.284091087246218,0.379177966101695
"188",188,1194560000,103958000,0.114,923510000,72955900,0.157235,"B2-D102-F1-I0-cos",1,"B2","D102","F1","I0","cos",88,"B2-D102-F1-I0-cos-1",-0.226903629788374,-0.298217549394948,0.379254385964912
"189",189,1226400000,98576100,0.111,949620000,70862200,0.152542,"B2-D102-F1-I0-cos",1,"B2","D102","F1","I0","cos",89,"B2-D102-F1-I0-cos-1",-0.225684931506849,-0.281142183551591,0.374252252252252
"190",190,1259830000,103320000,0.108,975318000,68077800,0.148266,"B2-D102-F1-I0-cos",1,"B2","D102","F1","I0","cos",90,"B2-D102-F1-I0-cos-1",-0.225833644221839,-0.34109756097561,0.372833333333333
"191",191,1293140000,99483800,0.104,999608000,76785400,0.142648,"B2-D102-F1-I0-cos",1,"B2","D102","F1","I0","cos",91,"B2-D102-F1-I0-cos-1",-0.226991663702306,-0.228161771062223,0.371615384615385
"192",192,1326120000,106280000,0.101,1021390000,80102700,0.138781,"B2-D102-F1-I0-cos",1,"B2","D102","F1","I0","cos",92,"B2-D102-F1-I0-cos-1",-0.229790667511236,-0.246305043281897,0.374069306930693
"193",193,1358470000,98207500,0.097,1046590000,6.2e+07,0.132914,"B2-D102-F1-I0-cos",1,"B2","D102","F1","I0","cos",93,"B2-D102-F1-I0-cos-1",-0.22958180894683,-0.368683654507039,0.370247422680412
"194",194,1391800000,111559000,0.094,1082790000,71673800,0.127932,"B2-D102-F1-I0-cos",1,"B2","D102","F1","I0","cos",94,"B2-D102-F1-I0-cos-1",-0.22202184221871,-0.357525614248962,0.360978723404255
"195",195,1425420000,105313000,0.091,1109030000,74829000,0.123205,"B2-D102-F1-I0-cos",1,"B2","D102","F1","I0","cos",95,"B2-D102-F1-I0-cos-1",-0.221962649605029,-0.289460940244794,0.353901098901099
"196",196,1459540000,108185000,0.087,1129530000,75683800,0.118026,"B2-D102-F1-I0-cos",1,"B2","D102","F1","I0","cos",96,"B2-D102-F1-I0-cos-1",-0.226105485289886,-0.300422424550538,0.356620689655173
"197",197,1499600000,116137000,0.084,1160980000,85681100,0.11457,"B2-D102-F1-I0-cos",1,"B2","D102","F1","I0","cos",97,"B2-D102-F1-I0-cos-1",-0.225806881835156,-0.262241146232467,0.363928571428571
"198",198,1540770000,117801000,0.081,1193710000,83499100,0.110015,"B2-D102-F1-I0-cos",1,"B2","D102","F1","I0","cos",98,"B2-D102-F1-I0-cos-1",-0.225251010858207,-0.291185134251831,0.35820987654321
"199",199,1586150000,110604000,0.077,1235880000,76164000,0.103975,"B2-D102-F1-I0-cos",1,"B2","D102","F1","I0","cos",99,"B2-D102-F1-I0-cos-1",-0.22083031239164,-0.311381143539113,0.350324675324675
"200",200,1639800000,109598000,0.074,1290080000,36578400,0.098982,"B2-D102-F1-I0-cos",1,"B2","D102","F1","I0","cos",100,"B2-D102-F1-I0-cos-1",-0.213269910964752,-0.666249384112849,0.337594594594595
"201",201,4084470000,117617000,0,4580040000,146762000,0,"B0-D102-F1-I1-cos",1,"B0","D102","F1","I1","cos",1,"B0-D102-F1-I1-cos-1",0.121330307236924,0.247795811829923,NA
"202",202,4084470000,137851000,0,4580040000,146336000,0,"B0-D102-F1-I1-cos",1,"B0","D102","F1","I1","cos",2,"B0-D102-F1-I1-cos-1",0.121330307236924,0.0615519655279976,NA
"203",203,4080030000,139463000,0,4579950000,145910000,0,"B0-D102-F1-I1-cos",1,"B0","D102","F1","I1","cos",3,"B0-D102-F1-I1-cos-1",0.122528510819773,0.0462273147716599,NA
"204",204,4070730000,130254000,0,4579500000,145483000,0,"B0-D102-F1-I1-cos",1,"B0","D102","F1","I1","cos",4,"B0-D102-F1-I1-cos-1",0.124982496996853,0.116917714619129,NA
"205",205,4067780000,139987000,0,4578410000,145054000,0,"B0-D102-F1-I1-cos",1,"B0","D102","F1","I1","cos",5,"B0-D102-F1-I1-cos-1",0.125530387582416,0.0361962182202633,NA
"206",206,4069040000,128697000,0,4576440000,144622000,0,"B0-D102-F1-I1-cos",1,"B0","D102","F1","I1","cos",6,"B0-D102-F1-I1-cos-1",0.124697717397715,0.123740258125675,NA
"207",207,4072960000,146890000,0,4573440000,144185000,0,"B0-D102-F1-I1-cos",1,"B0","D102","F1","I1","cos",7,"B0-D102-F1-I1-cos-1",0.122878692646135,-0.0184151405813874,NA
"208",208,4080070000,135829000,0,4569340000,143744000,0,"B0-D102-F1-I1-cos",1,"B0","D102","F1","I1","cos",8,"B0-D102-F1-I1-cos-1",0.119917060246515,0.0582717976278998,NA
"209",209,4089200000,128132000,0,4564110000,143298000,0,"B0-D102-F1-I1-cos",1,"B0","D102","F1","I1","cos",9,"B0-D102-F1-I1-cos-1",0.116137630832437,0.118362313863828,NA
"210",210,4104980000,124660000,0,4557810000,142848000,0,"B0-D102-F1-I1-cos",1,"B0","D102","F1","I1","cos",10,"B0-D102-F1-I1-cos-1",0.110312352313531,0.145900850312851,NA
"211",211,4118180000,121200000,0,4550480000,142392000,0,"B0-D102-F1-I1-cos",1,"B0","D102","F1","I1","cos",11,"B0-D102-F1-I1-cos-1",0.104973556279716,0.174851485148515,NA
"212",212,4123540000,138403000,0,4542230000,141933000,0,"B0-D102-F1-I1-cos",1,"B0","D102","F1","I1","cos",12,"B0-D102-F1-I1-cos-1",0.101536543843397,0.0255052274878435,NA
"213",213,4118410000,143760000,0,4533130000,141469000,0,"B0-D102-F1-I1-cos",1,"B0","D102","F1","I1","cos",13,"B0-D102-F1-I1-cos-1",0.10069905618916,-0.0159362826933779,NA
"214",214,4107690000,129825000,0,4523280000,141001000,0,"B0-D102-F1-I1-cos",1,"B0","D102","F1","I1","cos",14,"B0-D102-F1-I1-cos-1",0.101173652344749,0.0860851145773156,NA
"215",215,4103230000,135239000,0,4512760000,140528000,0,"B0-D102-F1-I1-cos",1,"B0","D102","F1","I1","cos",15,"B0-D102-F1-I1-cos-1",0.0998067376189002,0.0391085411752527,NA
"216",216,4104180000,133672000,0,4501650000,140052000,0,"B0-D102-F1-I1-cos",1,"B0","D102","F1","I1","cos",16,"B0-D102-F1-I1-cos-1",0.0968451676096078,0.0477287689269256,NA
"217",217,4105540000,122527000,0,4490020000,139572000,0,"B0-D102-F1-I1-cos",1,"B0","D102","F1","I1","cos",17,"B0-D102-F1-I1-cos-1",0.0936490693063519,0.13911219567932,NA
"218",218,4108950000,145389000,0,4477940000,139088000,0,"B0-D102-F1-I1-cos",1,"B0","D102","F1","I1","cos",18,"B0-D102-F1-I1-cos-1",0.0898015308047068,-0.0433389045938826,NA
"219",219,4109190000,111523000,0,4465440000,138600000,0,"B0-D102-F1-I1-cos",1,"B0","D102","F1","I1","cos",19,"B0-D102-F1-I1-cos-1",0.0866959181736547,0.242792966473284,NA
"220",220,4107760000,123457000,0,4452580000,138109000,0,"B0-D102-F1-I1-cos",1,"B0","D102","F1","I1","cos",20,"B0-D102-F1-I1-cos-1",0.0839435604806513,0.118680998242303,NA
"221",221,4105640000,133167000,0,4439410000,137615000,0,"B0-D102-F1-I1-cos",1,"B0","D102","F1","I1","cos",21,"B0-D102-F1-I1-cos-1",0.0812954862092146,0.0334016685815555,NA
"222",222,4090250000,132040000,0,4425940000,137120000,0,"B0-D102-F1-I1-cos",1,"B0","D102","F1","I1","cos",22,"B0-D102-F1-I1-cos-1",0.0820707780698001,0.0384731899424417,NA
"223",223,4072490000,137380000,0,4412220000,136625000,0,"B0-D102-F1-I1-cos",1,"B0","D102","F1","I1","cos",23,"B0-D102-F1-I1-cos-1",0.083420708215367,-0.00549570534284466,NA
"224",224,4057780000,135258000,0,4398260000,136134000,0,"B0-D102-F1-I1-cos",1,"B0","D102","F1","I1","cos",24,"B0-D102-F1-I1-cos-1",0.0839079496670593,0.00647651155569356,NA
"225",225,4048470000,125589000,0,4384100000,135650000,0,"B0-D102-F1-I1-cos",1,"B0","D102","F1","I1","cos",25,"B0-D102-F1-I1-cos-1",0.0829029238206038,0.0801105192333724,NA
"226",226,4046790000,128123000,0,4369750000,135134000,0,"B0-D102-F1-I1-cos",1,"B0","D102","F1","I1","cos",26,"B0-D102-F1-I1-cos-1",0.0798064638886624,0.0547208541791872,NA
"227",227,4047780000,135824000,0.005,4355240000,135022000,0.00465321,"B0-D102-F1-I1-cos",1,"B0","D102","F1","I1","cos",27,"B0-D102-F1-I1-cos-1",0.0759576854473316,-0.00590470020025916,-0.0693580000000001
"228",228,4026470000,133992000,0.01,4320700000,134838000,0.00932879,"B0-D102-F1-I1-cos",1,"B0","D102","F1","I1","cos",28,"B0-D102-F1-I1-cos-1",0.0730739332467397,0.00631380977968834,-0.067121
"229",229,3986790000,123089000,0.014,4267280000,134575000,0.0130985,"B0-D102-F1-I1-cos",1,"B0","D102","F1","I1","cos",29,"B0-D102-F1-I1-cos-1",0.0703548468818272,0.0933145935055123,-0.0643928571428571
"230",230,3936950000,131336000,0.019,4200760000,134190000,0.0178333,"B0-D102-F1-I1-cos",1,"B0","D102","F1","I1","cos",30,"B0-D102-F1-I1-cos-1",0.0670087250282579,0.0217305232381068,-0.0614052631578947
"231",231,3870340000,127469000,0.024,4119270000,133768000,0.0225621,"B0-D102-F1-I1-cos",1,"B0","D102","F1","I1","cos",31,"B0-D102-F1-I1-cos-1",0.0643173467964055,0.0494159364237579,-0.0599125
"232",232,3786740000,141027000,0.029,4025280000,133392000,0.0272941,"B0-D102-F1-I1-cos",1,"B0","D102","F1","I1","cos",32,"B0-D102-F1-I1-cos-1",0.0629934983653486,-0.0541385692101512,-0.0588241379310345
"233",233,3691820000,134142000,0.034,3921240000,133025000,0.0320142,"B0-D102-F1-I1-cos",1,"B0","D102","F1","I1","cos",33,"B0-D102-F1-I1-cos-1",0.0621427913603588,-0.00832699676462256,-0.0584058823529413
"234",234,3590610000,126471000,0.039,3809570000,132758000,0.036804,"B0-D102-F1-I1-cos",1,"B0","D102","F1","I1","cos",34,"B0-D102-F1-I1-cos-1",0.0609812817320734,0.0497110009409272,-0.0563076923076922
"235",235,3489880000,118726000,0.043,3692270000,132990000,0.0407064,"B0-D102-F1-I1-cos",1,"B0","D102","F1","I1","cos",35,"B0-D102-F1-I1-cos-1",0.0579933980538013,0.12014217610296,-0.0533395348837209
"236",236,3388350000,146184000,0.048,3574570000,112772000,0.0455401,"B0-D102-F1-I1-cos",1,"B0","D102","F1","I1","cos",36,"B0-D102-F1-I1-cos-1",0.0549589033010167,-0.228561265254747,-0.0512479166666667
"237",237,3277910000,123911000,0.053,3454920000,132551000,0.0502663,"B0-D102-F1-I1-cos",1,"B0","D102","F1","I1","cos",37,"B0-D102-F1-I1-cos-1",0.0540008725071768,0.069727465681013,-0.0515792452830188
"238",238,3165490000,128736000,0.058,3329440000,143383000,0.0553442,"B0-D102-F1-I1-cos",1,"B0","D102","F1","I1","cos",38,"B0-D102-F1-I1-cos-1",0.0517929293727038,0.113775478498633,-0.0457896551724138
"239",239,3058680000,131672000,0.063,3196310000,97958100,0.0604212,"B0-D102-F1-I1-cos",1,"B0","D102","F1","I1","cos",39,"B0-D102-F1-I1-cos-1",0.0449965344527705,-0.256044565283432,-0.0409333333333333
"240",240,2948940000,123539000,0.067,3071530000,107764000,0.0643673,"B0-D102-F1-I1-cos",1,"B0","D102","F1","I1","cos",40,"B0-D102-F1-I1-cos-1",0.0415708695327813,-0.127692469584504,-0.0392940298507463
"241",241,2844260000,117896000,0.072,2950200000,92780400,0.069759,"B0-D102-F1-I1-cos",1,"B0","D102","F1","I1","cos",41,"B0-D102-F1-I1-cos-1",0.0372469464816859,-0.213031824659022,-0.0311249999999999
"242",242,2740860000,131956000,0.077,2812190000,142608000,0.0755491,"B0-D102-F1-I1-cos",1,"B0","D102","F1","I1","cos",42,"B0-D102-F1-I1-cos-1",0.0260246783856162,0.0807238776561884,-0.0188428571428572
"243",243,2634330000,128653000,0.082,2662460000,157622000,0.0818871,"B0-D102-F1-I1-cos",1,"B0","D102","F1","I1","cos",43,"B0-D102-F1-I1-cos-1",0.0106782369710704,0.225171585582925,-0.00137682926829267
"244",244,2528580000,124551000,0.087,2513880000,123559000,0.0880069,"B0-D102-F1-I1-cos",1,"B0","D102","F1","I1","cos",44,"B0-D102-F1-I1-cos-1",-0.00581353961511995,-0.00796460887507928,0.0115735632183909
"245",245,2430640000,117051000,0.092,2398670000,129839000,0.0931656,"B0-D102-F1-I1-cos",1,"B0","D102","F1","I1","cos",45,"B0-D102-F1-I1-cos-1",-0.0131529144587434,0.109251522840471,0.0126695652173913
"246",246,2337680000,108236000,0.096,2310660000,118515000,0.0969446,"B0-D102-F1-I1-cos",1,"B0","D102","F1","I1","cos",46,"B0-D102-F1-I1-cos-1",-0.0115584682249067,0.0949684023799845,0.00983958333333337
"247",247,2248160000,115055000,0.101,2233710000,111351000,0.101172,"B0-D102-F1-I1-cos",1,"B0","D102","F1","I1","cos",47,"B0-D102-F1-I1-cos-1",-0.00642747847128318,-0.0321932988570684,0.00170297029702962
"248",248,2154530000,125389000,0.106,2162460000,120292000,0.104968,"B0-D102-F1-I1-cos",1,"B0","D102","F1","I1","cos",48,"B0-D102-F1-I1-cos-1",0.00368061711835064,-0.0406494987598593,-0.00973584905660369
"249",249,2057630000,126597000,0.111,2087640000,134007000,0.108926,"B0-D102-F1-I1-cos",1,"B0","D102","F1","I1","cos",49,"B0-D102-F1-I1-cos-1",0.0145847406968211,0.0585321927059883,-0.0186846846846847
"250",250,1966880000,112580000,0.116,2009820000,102211000,0.113251,"B0-D102-F1-I1-cos",1,"B0","D102","F1","I1","cos",50,"B0-D102-F1-I1-cos-1",0.0218315301391036,-0.0921033931426541,-0.023698275862069
"251",251,1888150000,121315000,0.121,1938740000,118858000,0.117533,"B0-D102-F1-I1-cos",1,"B0","D102","F1","I1","cos",51,"B0-D102-F1-I1-cos-1",0.0267934221327755,-0.0202530602151424,-0.0286528925619835
"252",252,1816480000,113502000,0.125,1870990000,118561000,0.121402,"B0-D102-F1-I1-cos",1,"B0","D102","F1","I1","cos",52,"B0-D102-F1-I1-cos-1",0.0300085880384039,0.0445719018167081,-0.028784
"253",253,1749300000,103966000,0.13,1799240000,104012000,0.126528,"B0-D102-F1-I1-cos",1,"B0","D102","F1","I1","cos",53,"B0-D102-F1-I1-cos-1",0.0285485622820557,0.000442452340188138,-0.0267076923076923
"254",254,1686180000,112615000,0.135,1731620000,114563000,0.131452,"B0-D102-F1-I1-cos",1,"B0","D102","F1","I1","cos",54,"B0-D102-F1-I1-cos-1",0.0269484871128824,0.0172978732850864,-0.0262814814814814
"255",255,1620400000,110816000,0.14,1664040000,99302000,0.136299,"B0-D102-F1-I1-cos",1,"B0","D102","F1","I1","cos",55,"B0-D102-F1-I1-cos-1",0.0269316218217724,-0.103901963615362,-0.0264357142857144
"256",256,1552710000,113615000,0.145,1595430000,112441000,0.141039,"B0-D102-F1-I1-cos",1,"B0","D102","F1","I1","cos",56,"B0-D102-F1-I1-cos-1",0.0275131866220994,-0.0103331426308146,-0.0273172413793103
"257",257,1488750000,100477000,0.149,1528230000,103213000,0.145493,"B0-D102-F1-I1-cos",1,"B0","D102","F1","I1","cos",57,"B0-D102-F1-I1-cos-1",0.0265188916876574,0.0272301123640236,-0.0235369127516777
"258",258,1430830000,106370000,0.154,1461790000,109263000,0.151068,"B0-D102-F1-I1-cos",1,"B0","D102","F1","I1","cos",58,"B0-D102-F1-I1-cos-1",0.0216377906529776,0.0271975180972079,-0.019038961038961
"259",259,1375040000,101292000,0.159,1399660000,99734800,0.156332,"B0-D102-F1-I1-cos",1,"B0","D102","F1","I1","cos",59,"B0-D102-F1-I1-cos-1",0.0179049336746567,-0.0153733759823086,-0.0167798742138365
"260",260,1318400000,100470000,0.164,1340560000,107448000,0.161225,"B0-D102-F1-I1-cos",1,"B0","D102","F1","I1","cos",60,"B0-D102-F1-I1-cos-1",0.0168082524271845,0.0694535682293222,-0.0169207317073171
"261",261,1263870000,97689700,0.169,1285620000,96708200,0.166078,"B0-D102-F1-I1-cos",1,"B0","D102","F1","I1","cos",61,"B0-D102-F1-I1-cos-1",0.0172090483989651,-0.0100471185805668,-0.0172899408284024
"262",262,1210080000,98599700,0.174,1233370000,89452500,0.170254,"B0-D102-F1-I1-cos",1,"B0","D102","F1","I1","cos",62,"B0-D102-F1-I1-cos-1",0.0192466613777601,-0.0927710733399797,-0.0215287356321839
"263",263,1157630000,95149800,0.178,1185370000,92067600,0.173522,"B0-D102-F1-I1-cos",1,"B0","D102","F1","I1","cos",63,"B0-D102-F1-I1-cos-1",0.0239627514836347,-0.0323931316723735,-0.0251573033707864
"264",264,1108250000,96868600,0.183,1136070000,102068000,0.17881,"B0-D102-F1-I1-cos",1,"B0","D102","F1","I1","cos",64,"B0-D102-F1-I1-cos-1",0.0251026392961877,0.0536747718042792,-0.022896174863388
"265",265,1061340000,88810400,0.188,1083720000,90869400,0.184537,"B0-D102-F1-I1-cos",1,"B0","D102","F1","I1","cos",65,"B0-D102-F1-I1-cos-1",0.0210865509638759,0.0231842216677326,-0.0184202127659574
"266",266,1016940000,97603200,0.188,1035100000,99300300,0.184679,"B0-D102-F1-I1-cos",1,"B0","D102","F1","I1","cos",66,"B0-D102-F1-I1-cos-1",0.0178574940507798,0.0173877495819809,-0.0176648936170212
"267",267,978905000,89398600,0.185,997045000,88132400,0.181417,"B0-D102-F1-I1-cos",1,"B0","D102","F1","I1","cos",67,"B0-D102-F1-I1-cos-1",0.0185309095366762,-0.014163532762258,-0.0193675675675676
"268",268,949422000,88693800,0.181,969378000,86087100,0.176968,"B0-D102-F1-I1-cos",1,"B0","D102","F1","I1","cos",68,"B0-D102-F1-I1-cos-1",0.0210191042550099,-0.0293898784356967,-0.0222762430939227
"269",269,930124000,96511000,0.178,952198000,101186000,0.173719,"B0-D102-F1-I1-cos",1,"B0","D102","F1","I1","cos",69,"B0-D102-F1-I1-cos-1",0.0237323195616929,0.0484400741884345,-0.0240505617977527
"270",270,914980000,89994900,0.175,937346000,86815200,0.170857,"B0-D102-F1-I1-cos",1,"B0","D102","F1","I1","cos",70,"B0-D102-F1-I1-cos-1",0.0244442501475442,-0.0353320021467883,-0.0236742857142856
"271",271,906236000,92431100,0.171,928881000,94622900,0.166593,"B0-D102-F1-I1-cos",1,"B0","D102","F1","I1","cos",71,"B0-D102-F1-I1-cos-1",0.0249879722279848,0.023712797965187,-0.0257719298245615
"272",272,904992000,92487900,0.168,928977000,93923100,0.163683,"B0-D102-F1-I1-cos",1,"B0","D102","F1","I1","cos",72,"B0-D102-F1-I1-cos-1",0.0265029967115731,0.0155177055593218,-0.0256964285714287
"273",273,906813000,88775100,0.165,930891000,95817500,0.160607,"B0-D102-F1-I1-cos",1,"B0","D102","F1","I1","cos",73,"B0-D102-F1-I1-cos-1",0.0265523321787403,0.0793285504606585,-0.0266242424242425
"274",274,912291000,85181500,0.161,937895000,80959400,0.156406,"B0-D102-F1-I1-cos",1,"B0","D102","F1","I1","cos",74,"B0-D102-F1-I1-cos-1",0.0280656062594063,-0.049565926873793,-0.0285341614906833
"275",275,920271000,97792800,0.158,949766000,98623500,0.152561,"B0-D102-F1-I1-cos",1,"B0","D102","F1","I1","cos",75,"B0-D102-F1-I1-cos-1",0.0320503416928274,0.00849449039193069,-0.0344240506329114
"276",276,926940000,94437800,0.154,961428000,90233900,0.148331,"B0-D102-F1-I1-cos",1,"B0","D102","F1","I1","cos",76,"B0-D102-F1-I1-cos-1",0.0372062916693637,-0.0445150141151107,-0.0368116883116884
"277",277,936285000,100570000,0.151,972567000,98159200,0.145291,"B0-D102-F1-I1-cos",1,"B0","D102","F1","I1","cos",77,"B0-D102-F1-I1-cos-1",0.0387510213236354,-0.0239713632295913,-0.0378079470198675
"278",278,951529000,92931800,0.148,987849000,98646900,0.142788,"B0-D102-F1-I1-cos",1,"B0","D102","F1","I1","cos",78,"B0-D102-F1-I1-cos-1",0.0381701451033022,0.0614977865488455,-0.0352162162162162
"279",279,971241000,89362100,0.144,1004290000,85004000,0.139578,"B0-D102-F1-I1-cos",1,"B0","D102","F1","I1","cos",79,"B0-D102-F1-I1-cos-1",0.03402759974095,-0.0487689971475603,-0.0307083333333332
"280",280,995108000,98332700,0.141,1025850000,102065000,0.136764,"B0-D102-F1-I1-cos",1,"B0","D102","F1","I1","cos",80,"B0-D102-F1-I1-cos-1",0.0308931291879876,0.0379558376816664,-0.0300425531914893
"281",281,1016150000,104011000,0.138,1046430000,99073700,0.134177,"B0-D102-F1-I1-cos",1,"B0","D102","F1","I1","cos",81,"B0-D102-F1-I1-cos-1",0.02979875018452,-0.047469017700051,-0.0277028985507248
"282",282,1035970000,95638500,0.134,1065010000,96391700,0.130326,"B0-D102-F1-I1-cos",1,"B0","D102","F1","I1","cos",82,"B0-D102-F1-I1-cos-1",0.0280316997596455,0.00787548947338154,-0.0274179104477613
"283",283,1061280000,96677500,0.131,1089730000,98861100,0.127788,"B0-D102-F1-I1-cos",1,"B0","D102","F1","I1","cos",83,"B0-D102-F1-I1-cos-1",0.0268072516206845,0.022586434278917,-0.0245190839694656
"284",284,1089420000,96148300,0.128,1115230000,101775000,0.125153,"B0-D102-F1-I1-cos",1,"B0","D102","F1","I1","cos",84,"B0-D102-F1-I1-cos-1",0.0236915055717721,0.0585210554944809,-0.0222421875000001
"285",285,1115880000,98461600,0.124,1140650000,101312000,0.121293,"B0-D102-F1-I1-cos",1,"B0","D102","F1","I1","cos",85,"B0-D102-F1-I1-cos-1",0.0221977273541958,0.0289493569066519,-0.0218306451612903
"286",286,1142110000,104525000,0.121,1168830000,101335000,0.118005,"B0-D102-F1-I1-cos",1,"B0","D102","F1","I1","cos",86,"B0-D102-F1-I1-cos-1",0.0233952946738931,-0.0305190145898111,-0.0247520661157025
"287",287,1167400000,102059000,0.118,1199340000,100970000,0.114605,"B0-D102-F1-I1-cos",1,"B0","D102","F1","I1","cos",87,"B0-D102-F1-I1-cos-1",0.0273599451773171,-0.0106702985527979,-0.0287711864406779
"288",288,1194760000,103961000,0.114,1231150000,103595000,0.110578,"B0-D102-F1-I1-cos",1,"B0","D102","F1","I1","cos",88,"B0-D102-F1-I1-cos-1",0.0304579999330409,-0.00352055097584671,-0.0300175438596492
"289",289,1226610000,98578800,0.111,1264270000,97659000,0.107724,"B0-D102-F1-I1-cos",1,"B0","D102","F1","I1","cos",89,"B0-D102-F1-I1-cos-1",0.0307025052787765,-0.00933060658072527,-0.0295135135135135
"290",290,1260040000,103323000,0.108,1297390000,114920000,0.104964,"B0-D102-F1-I1-cos",1,"B0","D102","F1","I1","cos",90,"B0-D102-F1-I1-cos-1",0.0296419161296467,0.112240256283693,-0.0281111111111111
"291",291,1293350000,99486200,0.104,1329310000,97969600,0.101262,"B0-D102-F1-I1-cos",1,"B0","D102","F1","I1","cos",91,"B0-D102-F1-I1-cos-1",0.0278037654153941,-0.0152443253436155,-0.026326923076923
"292",292,1326330000,106282000,0.101,1363770000,106439000,0.0980025,"B0-D102-F1-I1-cos",1,"B0","D102","F1","I1","cos",92,"B0-D102-F1-I1-cos-1",0.0282282689828323,0.00147720216029055,-0.0296782178217822
"293",293,1358690000,98209700,0.097,1402180000,96777400,0.0938736,"B0-D102-F1-I1-cos",1,"B0","D102","F1","I1","cos",93,"B0-D102-F1-I1-cos-1",0.0320087731564963,-0.0145840991266647,-0.0322309278350516
"294",294,1392020000,111562000,0.094,1439410000,105323000,0.0908409,"B0-D102-F1-I1-cos",1,"B0","D102","F1","I1","cos",94,"B0-D102-F1-I1-cos-1",0.03404405109122,-0.0559240601638551,-0.0336074468085106
"295",295,1425640000,105315000,0.091,1475220000,104904000,0.0879648,"B0-D102-F1-I1-cos",1,"B0","D102","F1","I1","cos",95,"B0-D102-F1-I1-cos-1",0.0347773631491821,-0.00390257798034468,-0.0333538461538462
"296",296,1459770000,108187000,0.087,1507520000,112001000,0.0844291,"B0-D102-F1-I1-cos",1,"B0","D102","F1","I1","cos",96,"B0-D102-F1-I1-cos-1",0.0327106324969002,0.0352537735587455,-0.0295505747126435
"297",297,1499830000,116139000,0.084,1541930000,127504000,0.0818728,"B0-D102-F1-I1-cos",1,"B0","D102","F1","I1","cos",97,"B0-D102-F1-I1-cos-1",0.0280698479160972,0.0978568783957155,-0.0253238095238096
"298",298,1.541e+09,117803000,0.081,1578750000,121187000,0.0791155,"B0-D102-F1-I1-cos",1,"B0","D102","F1","I1","cos",98,"B0-D102-F1-I1-cos-1",0.0244970798182998,0.028725923788019,-0.0232654320987654
"299",299,1586380000,110606000,0.077,1625610000,119893000,0.0749931,"B0-D102-F1-I1-cos",1,"B0","D102","F1","I1","cos",99,"B0-D102-F1-I1-cos-1",0.0247292578070828,0.0839647035423033,-0.0260636363636364
"300",300,1640040000,109600000,0.074,1687140000,119263000,0.071767,"B0-D102-F1-I1-cos",1,"B0","D102","F1","I1","cos",100,"B0-D102-F1-I1-cos-1",0.0287188117362991,0.0881660583941606,-0.0301756756756757
"301",301,4084470000,117617000,0,4560860000,147317000,0,"B0-D102-F1-I2-cos",1,"B0","D102","F1","I2","cos",1,"B0-D102-F1-I2-cos-1",0.116634471547104,0.252514517459211,NA
"302",302,4084470000,137851000,0,4560860000,146901000,0,"B0-D102-F1-I2-cos",1,"B0","D102","F1","I2","cos",2,"B0-D102-F1-I2-cos-1",0.116634471547104,0.0656505937570275,NA
"303",303,4080030000,139463000,0,4560820000,146488000,0,"B0-D102-F1-I2-cos",1,"B0","D102","F1","I2","cos",3,"B0-D102-F1-I2-cos-1",0.117839819805247,0.050371783196977,NA
"304",304,4070730000,130254000,0,4560540000,146076000,0,"B0-D102-F1-I2-cos",1,"B0","D102","F1","I2","cos",4,"B0-D102-F1-I2-cos-1",0.120324855738406,0.121470357916072,NA
"305",305,4067780000,139987000,0,4559730000,145664000,0,"B0-D102-F1-I2-cos",1,"B0","D102","F1","I2","cos",5,"B0-D102-F1-I2-cos-1",0.120938202164326,0.0405537657068156,NA
"306",306,4069040000,128697000,0,4558140000,145252000,0,"B0-D102-F1-I2-cos",1,"B0","D102","F1","I2","cos",6,"B0-D102-F1-I2-cos-1",0.120200342095433,0.128635477128449,NA
"307",307,4072960000,146890000,0,4555600000,144839000,0,"B0-D102-F1-I2-cos",1,"B0","D102","F1","I2","cos",7,"B0-D102-F1-I2-cos-1",0.118498585795097,-0.0139628293280686,NA
"308",308,4080070000,135829000,0,4.552e+09,144425000,0,"B0-D102-F1-I2-cos",1,"B0","D102","F1","I2","cos",8,"B0-D102-F1-I2-cos-1",0.115667133161931,0.0632854545052971,NA
"309",309,4089200000,128132000,0,4547320000,144009000,0,"B0-D102-F1-I2-cos",1,"B0","D102","F1","I2","cos",9,"B0-D102-F1-I2-cos-1",0.112031693240732,0.123911278993538,NA
"310",310,4104980000,124660000,0,4541600000,143594000,0,"B0-D102-F1-I2-cos",1,"B0","D102","F1","I2","cos",10,"B0-D102-F1-I2-cos-1",0.106363490199709,0.151885127546928,NA
"311",311,4118180000,121200000,0,4534900000,143178000,0,"B0-D102-F1-I2-cos",1,"B0","D102","F1","I2","cos",11,"B0-D102-F1-I2-cos-1",0.101190331651361,0.181336633663366,NA
"312",312,4123540000,138403000,0,4527300000,142763000,0,"B0-D102-F1-I2-cos",1,"B0","D102","F1","I2","cos",12,"B0-D102-F1-I2-cos-1",0.0979158684043322,0.0315022073220956,NA
"313",313,4118410000,143760000,0,4518890000,142350000,0,"B0-D102-F1-I2-cos",1,"B0","D102","F1","I2","cos",13,"B0-D102-F1-I2-cos-1",0.0972414111271097,-0.00980801335559266,NA
"314",314,4107690000,129825000,0,4509790000,141940000,0,"B0-D102-F1-I2-cos",1,"B0","D102","F1","I2","cos",14,"B0-D102-F1-I2-cos-1",0.0978895681027536,0.093317927979973,NA
"315",315,4103230000,135239000,0,4500090000,141534000,0,"B0-D102-F1-I2-cos",1,"B0","D102","F1","I2","cos",15,"B0-D102-F1-I2-cos-1",0.0967189263092734,0.0465472238037844,NA
"316",316,4104180000,133672000,0,4489860000,141131000,0,"B0-D102-F1-I2-cos",1,"B0","D102","F1","I2","cos",16,"B0-D102-F1-I2-cos-1",0.0939724865868456,0.0558007660542223,NA
"317",317,4105540000,122527000,0,4479210000,140735000,0,"B0-D102-F1-I2-cos",1,"B0","D102","F1","I2","cos",17,"B0-D102-F1-I2-cos-1",0.0910160417387238,0.148603981163335,NA
"318",318,4108950000,145389000,0,4468190000,140345000,0,"B0-D102-F1-I2-cos",1,"B0","D102","F1","I2","cos",18,"B0-D102-F1-I2-cos-1",0.0874286618235802,-0.0346931335933255,NA
"319",319,4109190000,111523000,0,4456890000,139961000,0,"B0-D102-F1-I2-cos",1,"B0","D102","F1","I2","cos",19,"B0-D102-F1-I2-cos-1",0.0846152161374869,0.25499672713252,NA
"320",320,4107760000,123457000,0,4445370000,139586000,0,"B0-D102-F1-I2-cos",1,"B0","D102","F1","I2","cos",20,"B0-D102-F1-I2-cos-1",0.0821883459598419,0.130644677904048,NA
"321",321,4105640000,133167000,0,4433680000,139219000,0,"B0-D102-F1-I2-cos",1,"B0","D102","F1","I2","cos",21,"B0-D102-F1-I2-cos-1",0.0798998450911429,0.0454466947517028,NA
"322",322,4090250000,132040000,0,4421870000,138859000,0,"B0-D102-F1-I2-cos",1,"B0","D102","F1","I2","cos",22,"B0-D102-F1-I2-cos-1",0.0810757288674286,0.0516434413813996,NA
"323",323,4072490000,137380000,0,4.41e+09,138508000,0,"B0-D102-F1-I2-cos",1,"B0","D102","F1","I2","cos",23,"B0-D102-F1-I2-cos-1",0.0828755871714848,0.00821080215460766,NA
"324",324,4057780000,135258000,0,4398110000,138164000,0,"B0-D102-F1-I2-cos",1,"B0","D102","F1","I2","cos",24,"B0-D102-F1-I2-cos-1",0.0838709836413014,0.0214848659598693,NA
"325",325,4048470000,125589000,0,4386240000,137828000,0,"B0-D102-F1-I2-cos",1,"B0","D102","F1","I2","cos",25,"B0-D102-F1-I2-cos-1",0.0834315185736834,0.0974528023951142,NA
"326",326,4046790000,128123000,0,4374420000,137519000,0,"B0-D102-F1-I2-cos",1,"B0","D102","F1","I2","cos",26,"B0-D102-F1-I2-cos-1",0.0809604649611173,0.0733357788999633,NA
"327",327,4047780000,135824000,0.005,4362680000,137631000,0.00464151,"B0-D102-F1-I2-cos",1,"B0","D102","F1","I2","cos",27,"B0-D102-F1-I2-cos-1",0.0777957300050892,0.0133039816232772,-0.0716980000000001
"328",328,4026470000,133992000,0.01,4331150000,137698000,0.00929833,"B0-D102-F1-I2-cos",1,"B0","D102","F1","I2","cos",28,"B0-D102-F1-I2-cos-1",0.0756692586806806,0.0276583676637411,-0.070167
"329",329,3986790000,123089000,0.014,4.281e+09,137726000,0.0130446,"B0-D102-F1-I2-cos",1,"B0","D102","F1","I2","cos",29,"B0-D102-F1-I2-cos-1",0.0737962119900973,0.118913956568012,-0.0682428571428572
"330",330,3936950000,131336000,0.019,4218070000,137790000,0.0177426,"B0-D102-F1-I2-cos",1,"B0","D102","F1","I2","cos",30,"B0-D102-F1-I2-cos-1",0.071405529661286,0.0491411341901687,-0.066178947368421
"331",331,3870340000,127469000,0.024,4140540000,137889000,0.022422,"B0-D102-F1-I2-cos",1,"B0","D102","F1","I2","cos",31,"B0-D102-F1-I2-cos-1",0.0698129880062217,0.0817453655398567,-0.06575
"332",332,3786740000,141027000,0.029,4.051e+09,138093000,0.0270883,"B0-D102-F1-I2-cos",1,"B0","D102","F1","I2","cos",32,"B0-D102-F1-I2-cos-1",0.0697856203489017,-0.0208045267927418,-0.0659206896551725
"333",333,3691820000,134142000,0.034,3952050000,138419000,0.0317215,"B0-D102-F1-I2-cos",1,"B0","D102","F1","I2","cos",33,"B0-D102-F1-I2-cos-1",0.0704882686588187,0.0318841227952468,-0.067014705882353
"334",334,3590610000,126471000,0.039,3846300000,138790000,0.0363957,"B0-D102-F1-I2-cos",1,"B0","D102","F1","I2","cos",34,"B0-D102-F1-I2-cos-1",0.0712107413503555,0.097405729376695,-0.066776923076923
"335",335,3489880000,118726000,0.043,3735930000,139065000,0.0401584,"B0-D102-F1-I2-cos",1,"B0","D102","F1","I2","cos",35,"B0-D102-F1-I2-cos-1",0.0705038568661387,0.171310412209626,-0.0660837209302326
"336",336,3388350000,146184000,0.048,3626320000,134104000,0.0447975,"B0-D102-F1-I2-cos",1,"B0","D102","F1","I2","cos",36,"B0-D102-F1-I2-cos-1",0.0702318237490224,-0.0826355825534942,-0.0667187500000001
"337",337,3277910000,123911000,0.053,3515780000,148864000,0.0492764,"B0-D102-F1-I2-cos",1,"B0","D102","F1","I2","cos",37,"B0-D102-F1-I2-cos-1",0.0725675811721493,0.201378408696564,-0.0702566037735849
"338",338,3165490000,128736000,0.058,3404600000,99846100,0.0538858,"B0-D102-F1-I2-cos",1,"B0","D102","F1","I2","cos",38,"B0-D102-F1-I2-cos-1",0.0755364888216358,-0.224411974894357,-0.0709344827586208
"339",339,3058680000,131672000,0.063,3295450000,110219000,0.0583029,"B0-D102-F1-I2-cos",1,"B0","D102","F1","I2","cos",39,"B0-D102-F1-I2-cos-1",0.0774092092013548,-0.162927577617109,-0.0745571428571429
"340",340,2948940000,123539000,0.067,3181900000,138930000,0.0622177,"B0-D102-F1-I2-cos",1,"B0","D102","F1","I2","cos",40,"B0-D102-F1-I2-cos-1",0.0789978772033341,0.124584139421559,-0.0713776119402986
"341",341,2844260000,117896000,0.072,3047540000,98956300,0.0675319,"B0-D102-F1-I2-cos",1,"B0","D102","F1","I2","cos",41,"B0-D102-F1-I2-cos-1",0.0714702593996329,-0.160647519848002,-0.0620569444444443
"342",342,2740860000,131956000,0.077,2908530000,114910000,0.0727709,"B0-D102-F1-I2-cos",1,"B0","D102","F1","I2","cos",42,"B0-D102-F1-I2-cos-1",0.0611742299862087,-0.129179423444178,-0.0549233766233766
"343",343,2634330000,128653000,0.082,2771060000,151490000,0.0783897,"B0-D102-F1-I2-cos",1,"B0","D102","F1","I2","cos",43,"B0-D102-F1-I2-cos-1",0.0519031404569663,0.177508491834625,-0.0440280487804878
"344",344,2528580000,124551000,0.087,2624600000,123033000,0.084394,"B0-D102-F1-I2-cos",1,"B0","D102","F1","I2","cos",44,"B0-D102-F1-I2-cos-1",0.0379738825744094,-0.0121877785003733,-0.0299540229885057
"345",345,2430640000,117051000,0.092,2492930000,99572000,0.0898614,"B0-D102-F1-I2-cos",1,"B0","D102","F1","I2","cos",45,"B0-D102-F1-I2-cos-1",0.0256269953592469,-0.14932807067005,-0.0232456521739131
"346",346,2337680000,108236000,0.096,2385400000,100240000,0.0942077,"B0-D102-F1-I2-cos",1,"B0","D102","F1","I2","cos",46,"B0-D102-F1-I2-cos-1",0.0204134013209678,-0.0738756051590968,-0.0186697916666666
"347",347,2248160000,115055000,0.101,2280940000,120597000,0.0999038,"B0-D102-F1-I2-cos",1,"B0","D102","F1","I2","cos",47,"B0-D102-F1-I2-cos-1",0.0145808127535407,0.0481682673503976,-0.0108534653465347
"348",348,2154530000,125389000,0.106,2166790000,131451000,0.105819,"B0-D102-F1-I2-cos",1,"B0","D102","F1","I2","cos",48,"B0-D102-F1-I2-cos-1",0.00569033617540717,0.0483455486525931,-0.00170754716981133
"349",349,2057630000,126597000,0.111,2052550000,135152000,0.111469,"B0-D102-F1-I2-cos",1,"B0","D102","F1","I2","cos",49,"B0-D102-F1-I2-cos-1",-0.0024688598047268,0.0675766408366707,0.0042252252252252
"350",350,1966880000,112580000,0.116,1953920000,111882000,0.116699,"B0-D102-F1-I2-cos",1,"B0","D102","F1","I2","cos",50,"B0-D102-F1-I2-cos-1",-0.00658911575693484,-0.00620003553028957,0.00602586206896544
"351",351,1888150000,121315000,0.121,1876520000,120449000,0.121373,"B0-D102-F1-I2-cos",1,"B0","D102","F1","I2","cos",51,"B0-D102-F1-I2-cos-1",-0.00615946826258507,-0.00713844124799077,0.00308264462809916
"352",352,1816480000,113502000,0.125,1811870000,112393000,0.124962,"B0-D102-F1-I2-cos",1,"B0","D102","F1","I2","cos",52,"B0-D102-F1-I2-cos-1",-0.00253787545142253,-0.00977075293827422,-0.000303999999999971
"353",353,1749300000,103966000,0.13,1750540000,96735000,0.129577,"B0-D102-F1-I2-cos",1,"B0","D102","F1","I2","cos",53,"B0-D102-F1-I2-cos-1",0.000708854970559652,-0.0695515841717485,-0.00325384615384621
"354",354,1686180000,112615000,0.135,1691330000,119948000,0.13435,"B0-D102-F1-I2-cos",1,"B0","D102","F1","I2","cos",54,"B0-D102-F1-I2-cos-1",0.00305424094699261,0.0651156595480176,-0.0048148148148149
"355",355,1620400000,110816000,0.14,1625370000,106727000,0.139605,"B0-D102-F1-I2-cos",1,"B0","D102","F1","I2","cos",55,"B0-D102-F1-I2-cos-1",0.0030671439150827,-0.0368990037539705,-0.00282142857142862
"356",356,1552710000,113615000,0.145,1555480000,104728000,0.144475,"B0-D102-F1-I2-cos",1,"B0","D102","F1","I2","cos",56,"B0-D102-F1-I2-cos-1",0.00178397769061834,-0.0782203054174185,-0.0036206896551724
"357",357,1488750000,100477000,0.149,1491880000,105741000,0.148624,"B0-D102-F1-I2-cos",1,"B0","D102","F1","I2","cos",57,"B0-D102-F1-I2-cos-1",0.0021024349286314,0.0523900992266887,-0.00252348993288582
"358",358,1430830000,106370000,0.154,1429540000,109853000,0.154387,"B0-D102-F1-I2-cos",1,"B0","D102","F1","I2","cos",58,"B0-D102-F1-I2-cos-1",-0.000901574610540735,0.0327441947917646,0.002512987012987
"359",359,1375040000,101292000,0.159,1367890000,100168000,0.159747,"B0-D102-F1-I2-cos",1,"B0","D102","F1","I2","cos",59,"B0-D102-F1-I2-cos-1",-0.00519984873167326,-0.0110966315207519,0.00469811320754716
"360",360,1318400000,100470000,0.164,1310580000,95430300,0.164662,"B0-D102-F1-I2-cos",1,"B0","D102","F1","I2","cos",60,"B0-D102-F1-I2-cos-1",-0.00593143203883495,-0.0501612421618394,0.00403658536585363
"361",361,1263870000,97689700,0.169,1257380000,105100000,0.169612,"B0-D102-F1-I2-cos",1,"B0","D102","F1","I2","cos",61,"B0-D102-F1-I2-cos-1",-0.00513502179812797,0.0758554893709368,0.00362130177514794
"362",362,1210080000,98599700,0.174,1203070000,90486800,0.174983,"B0-D102-F1-I2-cos",1,"B0","D102","F1","I2","cos",62,"B0-D102-F1-I2-cos-1",-0.00579300542112918,-0.0822811834113086,0.00564942528735639
"363",363,1157630000,95149800,0.178,1150250000,90656400,0.178628,"B0-D102-F1-I2-cos",1,"B0","D102","F1","I2","cos",63,"B0-D102-F1-I2-cos-1",-0.00637509394193309,-0.0472244818170926,0.00352808988764055
"364",364,1108250000,96868600,0.183,1101860000,105244000,0.184142,"B0-D102-F1-I2-cos",1,"B0","D102","F1","I2","cos",64,"B0-D102-F1-I2-cos-1",-0.00576584705616964,0.0864614539696042,0.00624043715846997
"365",365,1061340000,88810400,0.188,1050530000,92691000,0.190207,"B0-D102-F1-I2-cos",1,"B0","D102","F1","I2","cos",65,"B0-D102-F1-I2-cos-1",-0.010185237529915,0.0436953329790205,0.0117393617021276
"366",366,1016940000,97603200,0.188,1003300000,98895900,0.190022,"B0-D102-F1-I2-cos",1,"B0","D102","F1","I2","cos",66,"B0-D102-F1-I2-cos-1",-0.0134127873817531,0.0132444428051539,0.0107553191489361
"367",367,978905000,89398600,0.185,968642000,88805800,0.186179,"B0-D102-F1-I2-cos",1,"B0","D102","F1","I2","cos",67,"B0-D102-F1-I2-cos-1",-0.0104841634275032,-0.00663097632401402,0.00637297297297305
"368",368,949422000,88693800,0.181,944242000,77275400,0.181175,"B0-D102-F1-I2-cos",1,"B0","D102","F1","I2","cos",68,"B0-D102-F1-I2-cos-1",-0.00545595109445536,-0.128739551129842,0.000966850828729329
"369",369,930124000,96511000,0.178,929525000,104017000,0.177555,"B0-D102-F1-I2-cos",1,"B0","D102","F1","I2","cos",69,"B0-D102-F1-I2-cos-1",-0.000644000154818067,0.0777735180445752,-0.00250000000000001
"370",370,914980000,89994900,0.175,914024000,93331400,0.175541,"B0-D102-F1-I2-cos",1,"B0","D102","F1","I2","cos",70,"B0-D102-F1-I2-cos-1",-0.00104483158101816,0.0370743231005312,0.00309142857142865
"371",371,906236000,92431100,0.171,901326000,94077700,0.171529,"B0-D102-F1-I2-cos",1,"B0","D102","F1","I2","cos",71,"B0-D102-F1-I2-cos-1",-0.00541801473346899,0.0178143503647582,0.00309356725146184
"372",372,904992000,92487900,0.168,901636000,87968800,0.168036,"B0-D102-F1-I2-cos",1,"B0","D102","F1","I2","cos",72,"B0-D102-F1-I2-cos-1",-0.00370832007354761,-0.0488615267510669,0.000214285714285598
"373",373,906813000,88775100,0.165,906821000,87559800,0.164375,"B0-D102-F1-I2-cos",1,"B0","D102","F1","I2","cos",73,"B0-D102-F1-I2-cos-1",8.82210554987633e-06,-0.0136896494625182,-0.00378787878787888
"374",374,912291000,85181500,0.161,914589000,87581000,0.160382,"B0-D102-F1-I2-cos",1,"B0","D102","F1","I2","cos",74,"B0-D102-F1-I2-cos-1",0.00251893310358208,0.0281692621050345,-0.00383850931677023
"375",375,920271000,97792800,0.158,921782000,97932000,0.157602,"B0-D102-F1-I2-cos",1,"B0","D102","F1","I2","cos",75,"B0-D102-F1-I2-cos-1",0.00164190765546236,0.00142341767492085,-0.00251898734177221
"376",376,926940000,94437800,0.154,927829000,86469800,0.153562,"B0-D102-F1-I2-cos",1,"B0","D102","F1","I2","cos",76,"B0-D102-F1-I2-cos-1",0.00095906962694457,-0.0843729947118633,-0.0028441558441558
"377",377,936285000,100570000,0.151,937712000,107471000,0.150497,"B0-D102-F1-I2-cos",1,"B0","D102","F1","I2","cos",77,"B0-D102-F1-I2-cos-1",0.00152410857805049,0.0686188724271652,-0.00333112582781459
"378",378,951529000,92931800,0.148,951175000,98676100,0.148236,"B0-D102-F1-I2-cos",1,"B0","D102","F1","I2","cos",78,"B0-D102-F1-I2-cos-1",-0.000372032801942978,0.0618119954633398,0.00159459459459469
"379",379,971241000,89362100,0.144,967781000,86807600,0.14413,"B0-D102-F1-I2-cos",1,"B0","D102","F1","I2","cos",79,"B0-D102-F1-I2-cos-1",-0.0035624525735631,-0.0285859441530582,0.00090277777777791
"380",380,995108000,98332700,0.141,994568000,96202400,0.140453,"B0-D102-F1-I2-cos",1,"B0","D102","F1","I2","cos",80,"B0-D102-F1-I2-cos-1",-0.00054265466662915,-0.021664207328793,-0.00387943262411342
"381",381,1016150000,104011000,0.138,1020180000,98734600,0.137092,"B0-D102-F1-I2-cos",1,"B0","D102","F1","I2","cos",81,"B0-D102-F1-I2-cos-1",0.00396594990897013,-0.0507292497908875,-0.00657971014492768
"382",382,1035970000,95638500,0.134,1041800000,99367500,0.13305,"B0-D102-F1-I2-cos",1,"B0","D102","F1","I2","cos",82,"B0-D102-F1-I2-cos-1",0.00562757608811066,0.038990573879766,-0.00708955223880602
"383",383,1061280000,96677500,0.131,1065740000,92461700,0.130498,"B0-D102-F1-I2-cos",1,"B0","D102","F1","I2","cos",83,"B0-D102-F1-I2-cos-1",0.00420247248605458,-0.0436068371648005,-0.00383206106870231
"384",384,1089420000,96148300,0.128,1091110000,98808400,0.127654,"B0-D102-F1-I2-cos",1,"B0","D102","F1","I2","cos",84,"B0-D102-F1-I2-cos-1",0.00155128416955811,0.0276666358115536,-0.0027031250000001
"385",385,1115880000,98461600,0.124,1115850000,97766100,0.124023,"B0-D102-F1-I2-cos",1,"B0","D102","F1","I2","cos",85,"B0-D102-F1-I2-cos-1",-2.68846112485213e-05,-0.00706366746020784,0.000185483870967704
"386",386,1142110000,104525000,0.121,1139600000,106637000,0.121113,"B0-D102-F1-I2-cos",1,"B0","D102","F1","I2","cos",86,"B0-D102-F1-I2-cos-1",-0.00219768673770477,0.0202056924180818,0.000933884297520678
"387",387,1167400000,102059000,0.118,1164380000,100551000,0.118159,"B0-D102-F1-I2-cos",1,"B0","D102","F1","I2","cos",87,"B0-D102-F1-I2-cos-1",-0.002586945348638,-0.014775766958328,0.0013474576271187
"388",388,1194760000,103961000,0.114,1191920000,107999000,0.114024,"B0-D102-F1-I2-cos",1,"B0","D102","F1","I2","cos",88,"B0-D102-F1-I2-cos-1",-0.00237704643610432,0.0388414886351613,0.000210526315789441
"389",389,1226610000,98578800,0.111,1224900000,94420400,0.110972,"B0-D102-F1-I2-cos",1,"B0","D102","F1","I2","cos",89,"B0-D102-F1-I2-cos-1",-0.00139408613984885,-0.0421835120735899,-0.000252252252252254
"390",390,1260040000,103323000,0.108,1259920000,98842600,0.107711,"B0-D102-F1-I2-cos",1,"B0","D102","F1","I2","cos",90,"B0-D102-F1-I2-cos-1",-9.52350719024793e-05,-0.0433630459820176,-0.0026759259259259
"391",391,1293350000,99486200,0.104,1295400000,102923000,0.103734,"B0-D102-F1-I2-cos",1,"B0","D102","F1","I2","cos",91,"B0-D102-F1-I2-cos-1",0.00158503112073298,0.034545494752036,-0.0025576923076922
"392",392,1326330000,106282000,0.101,1326670000,113361000,0.100988,"B0-D102-F1-I2-cos",1,"B0","D102","F1","I2","cos",92,"B0-D102-F1-I2-cos-1",0.000256346459779994,0.0666058222464764,-0.000118811881188238
"393",393,1358690000,98209700,0.097,1356420000,105397000,0.0970414,"B0-D102-F1-I2-cos",1,"B0","D102","F1","I2","cos",93,"B0-D102-F1-I2-cos-1",-0.00167072695022411,0.0731831988082644,0.000426804123711309
"394",394,1392020000,111562000,0.094,1391400000,103420000,0.0937213,"B0-D102-F1-I2-cos",1,"B0","D102","F1","I2","cos",94,"B0-D102-F1-I2-cos-1",-0.000445395899484203,-0.0729818396945196,-0.00296489361702135
"395",395,1425640000,105315000,0.091,1432300000,91894700,0.0901621,"B0-D102-F1-I2-cos",1,"B0","D102","F1","I2","cos",95,"B0-D102-F1-I2-cos-1",0.00467158609466626,-0.12743009068034,-0.00920769230769234
"396",396,1459770000,108187000,0.087,1473590000,111539000,0.086059,"B0-D102-F1-I2-cos",1,"B0","D102","F1","I2","cos",96,"B0-D102-F1-I2-cos-1",0.00946724483994054,0.0309833898712415,-0.010816091954023
"397",397,1499830000,116139000,0.084,1511260000,120203000,0.083548,"B0-D102-F1-I2-cos",1,"B0","D102","F1","I2","cos",97,"B0-D102-F1-I2-cos-1",0.00762086369788576,0.0349925520281731,-0.00538095238095247
"398",398,1.541e+09,117803000,0.081,1544090000,120629000,0.080896,"B0-D102-F1-I2-cos",1,"B0","D102","F1","I2","cos",98,"B0-D102-F1-I2-cos-1",0.00200519143413368,0.023989202312335,-0.00128395061728404
"399",399,1586380000,110606000,0.077,1584860000,101189000,0.0770156,"B0-D102-F1-I2-cos",1,"B0","D102","F1","I2","cos",99,"B0-D102-F1-I2-cos-1",-0.000958156305551003,-0.0851400466520804,0.000202597402597461
"400",400,1640040000,109600000,0.074,1637830000,118734000,0.0739803,"B0-D102-F1-I2-cos",1,"B0","D102","F1","I2","cos",100,"B0-D102-F1-I2-cos-1",-0.00134752810907051,0.0833394160583942,-0.000266216216216182
