"","X","SSB_MSY_om","TotYield_MSY_om","SSB_Unfished_om","depletion_om","params_on_bound_om","NatM_p_1_Fem_GP_1_om","L_at_Amin_Fem_GP_1_om","L_at_Amax_Fem_GP_1_om","VonBert_K_Fem_GP_1_om","CV_young_Fem_GP_1_om","CV_old_Fem_GP_1_om","Wtlen_1_Fem_om","Wtlen_2_Fem_om","Mat50._Fem_om","Mat_slope_Fem_om","Eggs.kg_inter_Fem_om","Eggs.kg_slope_wt_Fem_om","RecrDist_GP_1_om","RecrDist_Area_1_om","RecrDist_Seas_1_om","CohortGrowDev_om","SR_LN_R0_om","SR_BH_steep_om","SR_sigmaR_om","SR_envlink_om","SR_R1_offset_om","SR_autocorr_om","InitF_1Fishery_om","LnQ_base_1_Fishery_om","LnQ_base_2_Survey_om","LnQ_base_3_CPUE_om","SizeSel_1P_1_Fishery_om","SizeSel_1P_2_Fishery_om","SizeSel_1P_3_Fishery_om","SizeSel_1P_4_Fishery_om","SizeSel_1P_5_Fishery_om","SizeSel_1P_6_Fishery_om","SizeSel_2P_1_Survey_om","SizeSel_2P_2_Survey_om","SizeSel_2P_3_Survey_om","SizeSel_2P_4_Survey_om","SizeSel_2P_5_Survey_om","SizeSel_2P_6_Survey_om","Catch_endyear_om","NLL_TOTAL_om","NLL_Catch_om","NLL_Equil_catch_om","NLL_Survey_om","NLL_Discard_om","NLL_Mean_body_wt_om","NLL_Length_comp_om","NLL_Age_comp_om","NLL_Size_at_age_om","NLL_SizeFreq_om","NLL_Morphcomp_om","NLL_Tag_comp_om","NLL_Tag_negbin_om","NLL_Recruitment_om","NLL_Forecast_Recruitment_om","NLL_Parm_priors_om","NLL_Parm_softbounds_om","NLL_Parm_devs_om","NLL_Crash_Pen_om","SSB_MSY_em","TotYield_MSY_em","SSB_Unfished_em","depletion_em","params_on_bound_em","NatM_p_1_Fem_GP_1_em","L_at_Amin_Fem_GP_1_em","L_at_Amax_Fem_GP_1_em","VonBert_K_Fem_GP_1_em","CV_young_Fem_GP_1_em","CV_old_Fem_GP_1_em","Wtlen_1_Fem_em","Wtlen_2_Fem_em","Mat50._Fem_em","Mat_slope_Fem_em","Eggs.kg_inter_Fem_em","Eggs.kg_slope_wt_Fem_em","RecrDist_GP_1_em","RecrDist_Area_1_em","RecrDist_Seas_1_em","CohortGrowDev_em","SR_LN_R0_em","SR_BH_steep_em","SR_sigmaR_em","SR_envlink_em","SR_R1_offset_em","SR_autocorr_em","InitF_1Fishery_em","LnQ_base_1_Fishery_em","LnQ_base_2_Survey_em","LnQ_base_3_CPUE_em","SizeSel_1P_1_Fishery_em","SizeSel_1P_2_Fishery_em","SizeSel_1P_3_Fishery_em","SizeSel_1P_4_Fishery_em","SizeSel_1P_5_Fishery_em","SizeSel_1P_6_Fishery_em","SizeSel_2P_1_Survey_em","SizeSel_2P_2_Survey_em","SizeSel_2P_3_Survey_em","SizeSel_2P_4_Survey_em","SizeSel_2P_5_Survey_em","SizeSel_2P_6_Survey_em","Catch_endyear_em","NLL_TOTAL_em","NLL_Catch_em","NLL_Equil_catch_em","NLL_Survey_em","NLL_Discard_em","NLL_Mean_body_wt_em","NLL_Length_comp_em","NLL_Age_comp_em","NLL_Size_at_age_em","NLL_SizeFreq_em","NLL_Morphcomp_em","NLL_Tag_comp_em","NLL_Tag_negbin_em","NLL_Recruitment_em","NLL_Forecast_Recruitment_em","NLL_Parm_priors_em","NLL_Parm_softbounds_em","NLL_Parm_devs_em","NLL_Crash_Pen_em","bias1","bias2","bias3","bias4","bias5","bias.converged","bias.tried","scenario","replicate","D","E","F","species","max_grad","version","RunTime","hessian","ID","SSB_MSY_re","TotYield_MSY_re","SSB_Unfished_re","depletion_re","params_on_bound_re","NatM_p_1_Fem_GP_1_re","L_at_Amin_Fem_GP_1_re","L_at_Amax_Fem_GP_1_re","VonBert_K_Fem_GP_1_re","CV_young_Fem_GP_1_re","CV_old_Fem_GP_1_re","Wtlen_1_Fem_re","Wtlen_2_Fem_re","Mat50._Fem_re","Mat_slope_Fem_re","Eggs.kg_inter_Fem_re","Eggs.kg_slope_wt_Fem_re","RecrDist_GP_1_re","RecrDist_Area_1_re","RecrDist_Seas_1_re","CohortGrowDev_re","SR_LN_R0_re","SR_BH_steep_re","SR_sigmaR_re","SR_envlink_re","SR_R1_offset_re","SR_autocorr_re","InitF_1Fishery_re","LnQ_base_1_Fishery_re","LnQ_base_2_Survey_re","LnQ_base_3_CPUE_re","SizeSel_1P_1_Fishery_re","SizeSel_1P_2_Fishery_re","SizeSel_1P_3_Fishery_re","SizeSel_1P_4_Fishery_re","SizeSel_1P_5_Fishery_re","SizeSel_1P_6_Fishery_re","SizeSel_2P_1_Survey_re","SizeSel_2P_2_Survey_re","SizeSel_2P_3_Survey_re","SizeSel_2P_4_Survey_re","SizeSel_2P_5_Survey_re","SizeSel_2P_6_Survey_re","Catch_endyear_re"
"1",1,1417800000,164206000,4084470000,0.384380348001087,0,0.2,20,132,0.2,0.1,0.1,6.8e-06,3.101,38.18,-0.276,1,0,0,0,0,1,18.7,0.65,0.4,0,0,0,0,0,0,0,50.8,-3,5.1,15,-999,-999,41.8,-4,5.2,14,-99,99,117870000,831.528,1.00317e-06,0,-41.8454,NA,NA,356.006,516.308,NA,NA,NA,NA,NA,0.809811,0,0,0,0,0,1559910000,181401000,4495480000,0.357688166780855,0,0.2,19.8937,131.424,0.201986,0.0998049,0.101891,6.8e-06,3.101,38.18,-0.276,1,0,0,0,0,1,18.7994,0.65,0.4,0,0,0,0,0,-0.0237276,0,51.3419,-3,5.17415,15,-999,-999,40.2856,-4,4.89994,14,-99,99,117870000,1281.15,6.06212e-13,0,-113.428,NA,NA,1109.81,354.347,NA,NA,NA,NA,NA,-69.682,0,0.0985595,0.00197119,0,0,NA,NA,NA,NA,NA,NA,NA,"D100-E0-F1-cos",1,"D100","E0","F1","cos",0.0059119,"#V3.24O",0.416666666666667,FALSE,"D100-E0-F1-cos-1",0.100232754972493,0.104716027428961,0.100627498794213,-0.0694421069106179,NA,0,-0.00531500000000005,-0.00436363636363631,0.00992999999999994,-0.00195100000000004,0.0189099999999999,0,0,0,0,0,NA,NA,NA,NA,0,0.00531550802139034,0,0,NA,NA,NA,NA,NA,-Inf,NA,0.0106673228346458,0,0.0145392156862746,0,0,0,-0.0362296650717702,0,-0.0577038461538462,0,0,0,0
"2",2,1417800000,164206000,4084470000,0.386764990316981,0,0.2,20,132,0.2,0.1,0.1,6.8e-06,3.101,38.18,-0.276,1,0,0,0,0,1,18.7,0.65,0.4,0,0,0,0,0,0,0,50.8,-3,5.1,15,-999,-999,41.8,-4,5.2,14,-99,99,118693000,832.831,8.03743e-07,0,-41.8454,NA,NA,356.778,516.806,NA,NA,NA,NA,NA,0.843262,0,0,0,0,0,1549630000,179070000,4461790000,0.351580867768317,0,0.2,19.9835,132.185,0.200643,0.0993952,0.0980926,6.8e-06,3.101,38.18,-0.276,1,0,0,0,0,1,18.7823,0.65,0.4,0,0,0,0,0,0.00670727,0,50.1306,-3,5.03993,15,-999,-999,42.538,-4,5.37403,14,-99,99,118693000,1270.84,8.52212e-13,0,-110.338,NA,NA,1097.23,353.377,NA,NA,NA,NA,NA,-69.5263,0,0.0946746,0.00189349,0,0,NA,NA,NA,NA,NA,NA,NA,"D100-E0-F1-cos",2,"D100","E0","F1","cos",0.0630929,"#V3.24O",0.433333333333333,FALSE,"D100-E0-F1-cos-2",0.0929820849202991,0.0905204438327467,0.0923791826112078,-0.0909702879772758,NA,0,-0.000825000000000031,0.00140151515151517,0.00321499999999988,-0.00604800000000003,-0.019074,0,0,0,0,0,NA,NA,NA,NA,0,0.00440106951871658,0,0,NA,NA,NA,NA,NA,Inf,NA,-0.0131771653543306,0,-0.0117784313725489,0,0,0,0.0176555023923445,0,0.0334673076923077,0,0,0,0
"3",3,1417800000,164206000,4084470000,0.396328042561214,0,0.2,20,132,0.2,0.1,0.1,6.8e-06,3.101,38.18,-0.276,1,0,0,0,0,1,18.7,0.65,0.4,0,0,0,0,0,0,0,50.8,-3,5.1,15,-999,-999,41.8,-4,5.2,14,-99,99,121535000,834.586,7.97213e-07,0,-41.8454,NA,NA,357.22,518.373,NA,NA,NA,NA,NA,0.588077,0,0,0,0,0,1565410000,180482000,4510530000,0.358922343937409,0,0.2,20.4789,132.294,0.194689,0.0961003,0.0985116,6.8e-06,3.101,38.18,-0.276,1,0,0,0,0,1,18.8155,0.65,0.4,0,0,0,0,0,-0.012332,0,51.3752,-3,5.14619,15,-999,-999,44.2861,-4,5.7559,14,-99,99,121535000,1259.89,6.02977e-13,0,-110.855,NA,NA,1101.18,339.449,NA,NA,NA,NA,NA,-69.9741,0,0.0884584,0.00176917,0,0,NA,NA,NA,NA,NA,NA,NA,"D100-E0-F1-cos",3,"D100","E0","F1","cos",0.00221187,"#V3.24O",0.433333333333333,FALSE,"D100-E0-F1-cos-3",0.104112004514036,0.0991193988039414,0.104312187382941,-0.0943806508923162,NA,0,0.023945,0.00222727272727281,-0.0265550000000001,-0.0389970000000001,-0.014884,0,0,0,0,0,NA,NA,NA,NA,0,0.00617647058823534,0,0,NA,NA,NA,NA,NA,-Inf,NA,0.0113228346456693,0,0.00905686274509807,0,0,0,0.0594760765550239,0,0.106903846153846,0,0,0,0
"4",4,1417800000,164206000,4084470000,0.388417591511261,0,0.2,20,132,0.2,0.1,0.1,6.8e-06,3.101,38.18,-0.276,1,0,0,0,0,1,18.7,0.65,0.4,0,0,0,0,0,0,0,50.8,-3,5.1,15,-999,-999,41.8,-4,5.2,14,-99,99,119244000,835.733,1.02501e-06,0,-41.8454,NA,NA,357.64,518.953,NA,NA,NA,NA,NA,0.735483,0,0,0,0,0,1550180000,178655000,4464500000,0.347259491544406,0,0.2,20.231,132.271,0.197093,0.100073,0.0997894,6.8e-06,3.101,38.18,-0.276,1,0,0,0,0,1,18.795,0.65,0.4,0,0,0,0,0,0.0215012,0,50.1398,-3,5.01724,15,-999,-999,42.5459,-4,5.28765,14,-99,99,119244000,1266.49,9.8577e-13,0,-107.983,NA,NA,1066.69,376.85,NA,NA,NA,NA,NA,-69.1597,0,0.0949589,0.00189918,0,0,NA,NA,NA,NA,NA,NA,NA,"D100-E0-F1-cos",4,"D100","E0","F1","cos",0.0335267,"#V3.24O",0.45,FALSE,"D100-E0-F1-cos-4",0.0933700098744534,0.0879931305798814,0.0930426713869853,-0.10596353220439,NA,0,0.0115500000000001,0.0020530303030302,-0.0145350000000001,0.000729999999999897,-0.00210600000000005,0,0,0,0,0,NA,NA,NA,NA,0,0.00508021390374344,0,0,NA,NA,NA,NA,NA,Inf,NA,-0.0129960629921259,0,-0.0162274509803921,0,0,0,0.0178444976076556,0,0.0168557692307692,0,0,0,0
"5",5,1417800000,164206000,4084470000,0.389056597306382,0,0.2,20,132,0.2,0.1,0.1,6.8e-06,3.101,38.18,-0.276,1,0,0,0,0,1,18.7,0.65,0.4,0,0,0,0,0,0,0,50.8,-3,5.1,15,-999,-999,41.8,-4,5.2,14,-99,99,119590000,835.66,9.4793e-07,0,-41.8454,NA,NA,357.594,518.91,NA,NA,NA,NA,NA,0.750332,0,0,0,0,0,1558370000,180811000,4491960000,0.349960818885297,0,0.2,20.0974,131.649,0.199,0.0970836,0.0997977,6.8e-06,3.101,38.18,-0.276,1,0,0,0,0,1,18.8074,0.65,0.4,0,0,0,0,0,0.0110843,0,51.2452,-3,5.12492,15,-999,-999,40.6638,-4,4.87476,14,-99,99,119590000,1288.71,8.0579e-13,0,-112.892,NA,NA,1112.86,358.044,NA,NA,NA,NA,NA,-69.3982,0,0.0981095,0.00196219,0,0,NA,NA,NA,NA,NA,NA,NA,"D100-E0-F1-cos",5,"D100","E0","F1","cos",0.00901992,"#V3.24O",0.466666666666667,FALSE,"D100-E0-F1-cos-5",0.0991465651008605,0.101122979671876,0.0997656978751221,-0.100488665895304,NA,0,0.00487000000000002,-0.0026590909090909,-0.005,-0.029164,-0.00202300000000002,0,0,0,0,0,NA,NA,NA,NA,0,0.00574331550802149,0,0,NA,NA,NA,NA,NA,Inf,NA,0.00876377952755905,0,0.00488627450980406,0,0,0,-0.0271818181818181,0,-0.0625461538461538,0,0,0,0
"6",6,1417800000,164206000,4084470000,0.397561984786276,0,0.2,20,132,0.2,0.1,0.1,6.8e-06,3.101,38.18,-0.276,1,0,0,0,0,1,18.7,0.65,0.4,0,0,0,0,0,0,0,50.8,-3,5.1,15,-999,-999,41.8,-4,5.2,14,-99,99,122019000,836.299,1.19902e-06,0,-41.8454,NA,NA,357.683,519.412,NA,NA,NA,NA,NA,0.799396,0,0,0,0,0,1552720000,179529000,4472090000,0.361656406736,0,0.2,19.7764,132.471,0.199565,0.101073,0.0990449,6.8e-06,3.101,38.18,-0.276,1,0,0,0,0,1,18.7845,0.65,0.4,0,0,0,0,0,0.003164,0,50.6741,-3,5.08106,15,-999,-999,41.9217,-4,5.29121,14,-99,99,122019000,1242.48,8.44511e-13,0,-113.622,NA,NA,1074.88,350.751,NA,NA,NA,NA,NA,-69.623,0,0.0952159,0.00190432,0,0,NA,NA,NA,NA,NA,NA,NA,"D100-E0-F1-cos",6,"D100","E0","F1","cos",0.0265916,"#V3.24O",0.466666666666667,FALSE,"D100-E0-F1-cos-6",0.0951615178445479,0.0933157131895302,0.0949009296187755,-0.0903144149196718,NA,0,-0.0111800000000001,0.00356818181818185,-0.00217500000000009,0.0107299999999999,-0.009551,0,0,0,0,0,NA,NA,NA,NA,0,0.00451871657754022,0,0,NA,NA,NA,NA,NA,Inf,NA,-0.0024783464566928,0,-0.00371372549019603,0,0,0,0.00291148325358862,0,0.0175403846153847,0,0,0,0
"7",7,1417800000,164206000,4084470000,0.377664666407147,0,0.2,20,132,0.2,0.1,0.1,6.8e-06,3.101,38.18,-0.276,1,0,0,0,0,1,18.7,0.65,0.4,0,0,0,0,0,0,0,50.8,-3,5.1,15,-999,-999,41.8,-4,5.2,14,-99,99,115846000,830.909,7.74515e-07,0,-41.8454,NA,NA,356.138,515.728,NA,NA,NA,NA,NA,0.638528,0,0,0,0,0,1512320000,175643000,4355580000,0.353128630400544,0,0.2,19.6082,131.407,0.204437,0.0998436,0.10067,6.8e-06,3.101,38.18,-0.276,1,0,0,0,0,1,18.7599,0.65,0.4,0,0,0,0,0,0.000816782,0,49.8583,-3,5.01462,15,-999,-999,41.1497,-4,5.02761,14,-99,99,115846000,1337.63,8.86426e-13,0,-109.79,NA,NA,1154.87,361.671,NA,NA,NA,NA,NA,-69.224,0,0.0988824,0.00197765,0,0,NA,NA,NA,NA,NA,NA,NA,"D100-E0-F1-cos",7,"D100","E0","F1","cos",0.0323205,"#V3.24O",0.45,FALSE,"D100-E0-F1-cos-7",0.0666666666666667,0.0696503172843867,0.0663758088564734,-0.0649677827688323,NA,0,-0.01959,-0.00449242424242416,0.022185,-0.00156400000000001,0.0066999999999999,0,0,0,0,0,NA,NA,NA,NA,0,0.00320320855614968,0,0,NA,NA,NA,NA,NA,Inf,NA,-0.0185374015748031,0,-0.0167411764705882,0,0,0,-0.0155574162679424,0,-0.0331519230769231,0,0,0,0
"8",8,1417800000,164206000,4084470000,0.394386542195193,0,0.2,20,132,0.2,0.1,0.1,6.8e-06,3.101,38.18,-0.276,1,0,0,0,0,1,18.7,0.65,0.4,0,0,0,0,0,0,0,50.8,-3,5.1,15,-999,-999,41.8,-4,5.2,14,-99,99,120927000,835.633,9.43081e-07,0,-41.8454,NA,NA,357.557,518.818,NA,NA,NA,NA,NA,0.852599,0,0,0,0,0,1546610000,180499000,4459080000,0.360601289952187,0,0.2,19.8909,130.398,0.203924,0.101017,0.103194,6.8e-06,3.101,38.18,-0.276,1,0,0,0,0,1,18.8046,0.65,0.4,0,0,0,0,0,0.00186248,0,50.5536,-3,5.07958,15,-999,-999,40.6702,-4,4.96513,14,-99,99,120927000,1320.81,8.54965e-13,0,-112.795,NA,NA,1133.07,370,NA,NA,NA,NA,NA,-69.5701,0,0.0988952,0.0019779,0,0,NA,NA,NA,NA,NA,NA,NA,"D100-E0-F1-cos",8,"D100","E0","F1","cos",0.0410572,"#V3.24O",0.433333333333333,FALSE,"D100-E0-F1-cos-8",0.0908520242629426,0.0992229272986371,0.0917156938354303,-0.0856653273586722,NA,0,-0.00545500000000008,-0.0121363636363637,0.0196199999999999,0.0101699999999999,0.0319399999999999,0,0,0,0,0,NA,NA,NA,NA,0,0.00559358288770061,0,0,NA,NA,NA,NA,NA,Inf,NA,-0.00485039370078729,0,-0.00400392156862738,0,0,0,-0.0270287081339712,0,-0.0451673076923077,0,0,0,0
"9",9,1417800000,164206000,4084470000,0.391446136218408,0,0.2,20,132,0.2,0.1,0.1,6.8e-06,3.101,38.18,-0.276,1,0,0,0,0,1,18.7,0.65,0.4,0,0,0,0,0,0,0,50.8,-3,5.1,15,-999,-999,41.8,-4,5.2,14,-99,99,120098000,834.917,1.06472e-06,0,-41.8454,NA,NA,357.209,518.542,NA,NA,NA,NA,NA,0.760995,0,0,0,0,0,1543280000,180825000,4450870000,0.36649464037368,0,0.2,19.8707,129.725,0.206261,0.0975599,0.106065,6.8e-06,3.101,38.18,-0.276,1,0,0,0,0,1,18.8066,0.65,0.4,0,0,0,0,0,-0.00976879,0,50.8819,-3,5.1227,15,-999,-999,41.1587,-4,5.01579,14,-99,99,120098000,1271.35,6.35178e-13,0,-109.832,NA,NA,1106.54,343.629,NA,NA,NA,NA,NA,-69.085,0,0.0971461,0.00194292,0,0,NA,NA,NA,NA,NA,NA,NA,"D100-E0-F1-cos",9,"D100","E0","F1","cos",0.00266758,"#V3.24O",0.45,FALSE,"D100-E0-F1-cos-9",0.0885033149950628,0.101208238432213,0.0897056411235729,-0.0637418370909817,NA,0,-0.00646500000000003,-0.0172348484848485,0.0313049999999999,-0.024401,0.06065,0,0,0,0,0,NA,NA,NA,NA,0,0.0057005347593583,0,0,NA,NA,NA,NA,NA,-Inf,NA,0.00161220472440954,0,0.00445098039215694,0,0,0,-0.0153421052631578,0,-0.035425,0,0,0,0
"10",10,1417800000,164206000,4084470000,0.386845784153146,0,0.2,20,132,0.2,0.1,0.1,6.8e-06,3.101,38.18,-0.276,1,0,0,0,0,1,18.7,0.65,0.4,0,0,0,0,0,0,0,50.8,-3,5.1,15,-999,-999,41.8,-4,5.2,14,-99,99,118786000,832.493,9.1056e-07,0,-41.8454,NA,NA,356.547,516.791,NA,NA,NA,NA,NA,0.750721,0,0,0,0,0,1566040000,182139000,4513790000,0.34456188701734,0,0.2,19.9751,131.675,0.201336,0.102054,0.100643,6.8e-06,3.101,38.18,-0.276,1,0,0,0,0,1,18.8005,0.65,0.4,0,0,0,0,0,0.00790552,0,51.3818,-3,5.16268,15,-999,-999,41.3437,-4,5.1147,14,-99,99,118786000,1265.8,8.92008e-13,0,-114.047,NA,NA,1122.57,327.298,NA,NA,NA,NA,NA,-70.1186,0,0.0956768,0.00191354,0,0,NA,NA,NA,NA,NA,NA,NA,"D100-E0-F1-cos",10,"D100","E0","F1","cos",0.000840134,"#V3.24O",0.433333333333333,FALSE,"D100-E0-F1-cos-10",0.104556354916067,0.109210382081045,0.105110332552326,-0.109304272834124,NA,0,-0.00124499999999994,-0.00246212121212113,0.00667999999999988,0.02054,0.00642999999999991,0,0,0,0,0,NA,NA,NA,NA,0,0.00537433155080215,0,0,NA,NA,NA,NA,NA,Inf,NA,0.0114527559055118,0,0.0122901960784314,0,0,0,-0.0109162679425837,0,-0.0164038461538462,0,0,0,0
"11",11,1417800000,164206000,4084470000,0.394609337319163,0,0.2,20,132,0.2,0.1,0.1,6.8e-06,3.101,38.18,-0.276,1,0,0,0,0,1,18.7,0.65,0.4,0,0,0,0,0,0,0,50.8,-3,5.1,15,-999,-999,41.8,-4,5.2,14,-99,99,121443000,833.993,1.04859e-06,0,-41.8454,NA,NA,356.765,517.66,NA,NA,NA,NA,NA,1.16374,0,0,0,0,0,1561670000,180319000,4496670000,0.353328129482484,0,0.2,19.8804,132.93,0.199137,0.0986763,0.0955599,6.8e-06,3.101,38.18,-0.276,1,0,0,0,0,1,18.7829,0.65,0.4,0,0,0,0,0,0.00650949,0,51.1294,-3,5.14092,15,-999,-999,40.9474,-4,5.01658,14,-99,99,121443000,1309.4,8.31998e-13,0,-113.809,NA,NA,1103.55,388.717,NA,NA,NA,NA,NA,-69.1558,0,0.0971877,0.00194375,0,0,NA,NA,NA,NA,NA,NA,NA,"D100-E0-F1-cos",11,"D100","E0","F1","cos",0.00411237,"#V3.24O",0.45,FALSE,"D100-E0-F1-cos-11",0.101474114825786,0.0981267432371533,0.10091884626402,-0.104612851072225,NA,0,-0.00597999999999992,0.0070454545454546,-0.00431500000000001,-0.0132370000000001,-0.044401,0,0,0,0,0,NA,NA,NA,NA,0,0.00443315508021402,0,0,NA,NA,NA,NA,NA,Inf,NA,0.00648425196850393,0,0.00802352941176485,0,0,0,-0.0203971291866028,0,-0.0352730769230769,0,0,0,0
"12",12,1417800000,164206000,4084470000,0.39984624688148,0,0.2,20,132,0.2,0.1,0.1,6.8e-06,3.101,38.18,-0.276,1,0,0,0,0,1,18.7,0.65,0.4,0,0,0,0,0,0,0,50.8,-3,5.1,15,-999,-999,41.8,-4,5.2,14,-99,99,122626000,835.877,1.04087e-06,0,-41.8454,NA,NA,357.799,518.832,NA,NA,NA,NA,NA,0.841198,0,0,0,0,0,1572260000,182064000,4529890000,0.355436886988426,0,0.2,19.6833,133.029,0.198644,0.104219,0.092927,6.8e-06,3.101,38.18,-0.276,1,0,0,0,0,1,18.7927,0.65,0.4,0,0,0,0,0,0.0108696,0,51.8377,-3,5.20412,15,-999,-999,39.5171,-4,4.662,14,-99,99,122626000,1273.92,8.9005e-13,0,-111.844,NA,NA,1101.51,354.137,NA,NA,NA,NA,NA,-69.9864,0,0.100268,0.00200537,0,0,NA,NA,NA,NA,NA,NA,NA,"D100-E0-F1-cos",12,"D100","E0","F1","cos",0.0589873,"#V3.24O",0.45,FALSE,"D100-E0-F1-cos-12",0.108943433488503,0.108753638722093,0.109052092437942,-0.111066091627509,NA,0,-0.015835,0.00779545454545452,-0.00678000000000012,0.04219,-0.0707300000000001,0,0,0,0,0,NA,NA,NA,NA,0,0.00495721925133693,0,0,NA,NA,NA,NA,NA,Inf,NA,0.0204271653543307,0,0.0204156862745098,0,0,0,-0.0546148325358851,0,-0.103461538461539,0,0,0,0
"13",13,1417800000,164206000,4084470000,0.392613974395699,0,0.2,20,132,0.2,0.1,0.1,6.8e-06,3.101,38.18,-0.276,1,0,0,0,0,1,18.7,0.65,0.4,0,0,0,0,0,0,0,50.8,-3,5.1,15,-999,-999,41.8,-4,5.2,14,-99,99,120499000,833.987,1.11117e-06,0,-41.8454,NA,NA,357.103,517.873,NA,NA,NA,NA,NA,0.606739,0,0,0,0,0,1566710000,180027000,4512810000,0.35364661929042,0,0.2,20.5236,133.243,0.192745,0.0984453,0.0980619,6.8e-06,3.101,38.18,-0.276,1,0,0,0,0,1,18.8041,0.65,0.4,0,0,0,0,0,-0.00252528,0,51.7401,-3,5.18788,15,-999,-999,44.6019,-4,5.88261,14,-99,99,120499000,1254.31,7.79359e-13,0,-112.17,NA,NA,1088.57,347.429,NA,NA,NA,NA,NA,-69.6128,0,0.0869912,0.00173982,0,0,NA,NA,NA,NA,NA,NA,NA,"D100-E0-F1-cos",13,"D100","E0","F1","cos",0.0527963,"#V3.24O",0.466666666666667,FALSE,"D100-E0-F1-cos-13",0.105028918042037,0.0963484890929686,0.104870399341897,-0.0992510650321515,NA,0,0.0261799999999999,0.00941666666666663,-0.0362750000000001,-0.0155470000000001,-0.0193810000000001,0,0,0,0,0,NA,NA,NA,NA,0,0.00556684491978604,0,0,NA,NA,NA,NA,NA,-Inf,NA,0.018505905511811,0,0.0172313725490196,0,0,0,0.067031100478469,0,0.131271153846154,0,0,0,0
"14",14,1417800000,164206000,4084470000,0.395980384235898,0,0.2,20,132,0.2,0.1,0.1,6.8e-06,3.101,38.18,-0.276,1,0,0,0,0,1,18.7,0.65,0.4,0,0,0,0,0,0,0,50.8,-3,5.1,15,-999,-999,41.8,-4,5.2,14,-99,99,121712000,834.45,9.40856e-07,0,-41.8454,NA,NA,357.196,518.041,NA,NA,NA,NA,NA,0.808699,0,0,0,0,0,1548630000,179282000,4460330000,0.349855279766295,0,0.2,19.8978,132.31,0.200336,0.0990311,0.0999201,6.8e-06,3.101,38.18,-0.276,1,0,0,0,0,1,18.7806,0.65,0.4,0,0,0,0,0,0.0397684,0,51.3512,-3,5.17962,15,-999,-999,39.4265,-4,4.55761,14,-99,99,121712000,1330.09,1.36756e-12,0,-112.929,NA,NA,1137.53,375.201,NA,NA,NA,NA,NA,-69.8127,0,0.101542,0.00203083,0,0,NA,NA,NA,NA,NA,NA,NA,"D100-E0-F1-cos",14,"D100","E0","F1","cos",0.0725928,"#V3.24O",0.45,FALSE,"D100-E0-F1-cos-14",0.0922767668218367,0.0918115050607164,0.0920217310936303,-0.116483306511781,NA,0,-0.00510999999999999,0.00234848484848487,0.00167999999999988,-0.00968900000000009,-0.000799000000000077,0,0,0,0,0,NA,NA,NA,NA,0,0.00431016042780751,0,0,NA,NA,NA,NA,NA,Inf,NA,0.0108503937007874,0,0.0156117647058824,0,0,0,-0.0567822966507177,0,-0.123536538461538,0,0,0,0
"15",15,1417800000,164206000,4084470000,0.39829402590789,0,0.2,20,132,0.2,0.1,0.1,6.8e-06,3.101,38.18,-0.276,1,0,0,0,0,1,18.7,0.65,0.4,0,0,0,0,0,0,0,50.8,-3,5.1,15,-999,-999,41.8,-4,5.2,14,-99,99,121947000,835.948,9.43371e-07,0,-41.8454,NA,NA,357.693,519.174,NA,NA,NA,NA,NA,0.676384,0,0,0,0,0,1587260000,182609000,4569670000,0.353520057247022,0,0.2,20.1974,133.116,0.196687,0.102952,0.0900271,6.8e-06,3.101,38.18,-0.276,1,0,0,0,0,1,18.8059,0.65,0.4,0,0,0,0,0,0.00936285,0,50.2479,-3,5.0345,15,-999,-999,44.1935,-4,5.58017,14,-99,99,121947000,1339.53,8.48599e-13,0,-109.849,NA,NA,1159.1,360.19,NA,NA,NA,NA,NA,-70.0019,0,0.0909543,0.00181909,0,0,NA,NA,NA,NA,NA,NA,NA,"D100-E0-F1-cos",15,"D100","E0","F1","cos",0.0108135,"#V3.24O",0.483333333333333,FALSE,"D100-E0-F1-cos-15",0.119523204965439,0.112072640463808,0.118791422142897,-0.112414361623447,NA,0,0.00986999999999991,0.00845454545454556,-0.0165650000000001,0.02952,-0.0997290000000001,0,0,0,0,0,NA,NA,NA,NA,0,0.00566310160427818,0,0,NA,NA,NA,NA,NA,Inf,NA,-0.0108681102362204,0,-0.0128431372549018,0,0,0,0.0572607655502393,0,0.0731096153846153,0,0,0,0
"16",16,1417800000,164206000,4084470000,0.384380348001087,0,0.2,20,132,0.2,0.1,0.1,6.8e-06,3.101,38.18,-0.276,1,0,0,0,0,1,18.7,0.65,0.4,0,0,0,0,0,0,0,50.8,-3,5.1,15,-999,-999,41.8,-4,5.2,14,-99,99,117870000,315.22,1.00317e-06,0,-41.8454,NA,NA,356.006,NA,NA,NA,NA,NA,NA,0.809811,0,0,0,0,0,1570760000,183310000,4530040000,0.379614749538635,0,0.2,20.1453,130.378,0.201946,0.0977692,0.105405,6.8e-06,3.101,38.18,-0.276,1,0,0,0,0,1,18.8271,0.65,0.4,0,0,0,0,0,-0.0891569,0,51.711,-3,5.21127,15,-999,-999,40.5804,-4,5.05686,14,-99,99,117870000,910.666,2.48675e-13,0,-112.597,NA,NA,1092.1,NA,NA,NA,NA,NA,NA,-68.9404,0,0.0968485,0.00193697,0,0,NA,NA,NA,NA,NA,NA,NA,"D101-E0-F1-cos",1,"D101","E0","F1","cos",0.00183365,"#V3.24O",0.416666666666667,FALSE,"D101-E0-F1-cos-1",0.10788545634081,0.116341668392142,0.109088816908926,-0.0123981324415642,NA,0,0.00726499999999994,-0.0122878787878789,0.00972999999999988,-0.0223080000000001,0.0540499999999999,0,0,0,0,0,NA,NA,NA,NA,0,0.00679679144385039,0,0,NA,NA,NA,NA,NA,-Inf,NA,0.0179330708661418,0,0.0218176470588236,0,0,0,-0.029177033492823,0,-0.027526923076923,0,0,0,0
"17",17,1417800000,164206000,4084470000,0.386764990316981,0,0.2,20,132,0.2,0.1,0.1,6.8e-06,3.101,38.18,-0.276,1,0,0,0,0,1,18.7,0.65,0.4,0,0,0,0,0,0,0,50.8,-3,5.1,15,-999,-999,41.8,-4,5.2,14,-99,99,118693000,316.026,8.03743e-07,0,-41.8454,NA,NA,356.778,NA,NA,NA,NA,NA,NA,0.843262,0,0,0,0,0,1565790000,181339000,4510590000,0.370738639512791,0,0.2,20.1983,131.16,0.20065,0.0973402,0.101739,6.8e-06,3.101,38.18,-0.276,1,0,0,0,0,1,18.8127,0.65,0.4,0,0,0,0,0,-0.0583667,0,50.0987,-3,5.03691,15,-999,-999,42.7948,-4,5.50914,14,-99,99,118693000,901.189,3.47628e-13,0,-109.916,NA,NA,1080.85,NA,NA,NA,NA,NA,NA,-69.8398,0,0.0938741,0.00187748,0,0,NA,NA,NA,NA,NA,NA,NA,"D101-E0-F1-cos",2,"D101","E0","F1","cos",0.0120053,"#V3.24O",0.433333333333333,FALSE,"D101-E0-F1-cos-2",0.104380025391452,0.104338452918895,0.104326877171334,-0.0414369221760617,NA,0,0.00991499999999998,-0.00636363636363639,0.00324999999999992,-0.026598,0.0173899999999999,0,0,0,0,0,NA,NA,NA,NA,0,0.00602673796791445,0,0,NA,NA,NA,NA,NA,-Inf,NA,-0.0138051181102361,0,-0.0123705882352941,0,0,0,0.0237990430622011,0,0.05945,0,0,0,0
"18",18,1417800000,164206000,4084470000,0.396328042561214,0,0.2,20,132,0.2,0.1,0.1,6.8e-06,3.101,38.18,-0.276,1,0,0,0,0,1,18.7,0.65,0.4,0,0,0,0,0,0,0,50.8,-3,5.1,15,-999,-999,41.8,-4,5.2,14,-99,99,121535000,316.213,7.97213e-07,0,-41.8454,NA,NA,357.22,NA,NA,NA,NA,NA,NA,0.588077,0,0,0,0,0,1575090000,182080000,4539330000,0.362386079002848,0,0.2,20.4305,131.512,0.196681,0.0953612,0.101096,6.8e-06,3.101,38.18,-0.276,1,0,0,0,0,1,18.8288,0.65,0.4,0,0,0,0,0,-0.029777,0,50.8309,-3,5.08525,15,-999,-999,44.1546,-4,5.71008,14,-99,99,121535000,902.962,4.84892e-13,0,-112.207,NA,NA,1084.91,NA,NA,NA,NA,NA,NA,-69.833,0,0.0897231,0.00179446,0,0,NA,NA,NA,NA,NA,NA,NA,"D101-E0-F1-cos",3,"D101","E0","F1","cos",0.00371838,"#V3.24O",0.416666666666667,FALSE,"D101-E0-F1-cos-3",0.110939483707152,0.108851077305336,0.111363285811868,-0.0856410849432224,NA,0,0.0215249999999999,-0.00369696969696969,-0.0165950000000001,-0.0463880000000001,0.01096,0,0,0,0,0,NA,NA,NA,NA,0,0.00688770053475945,0,0,NA,NA,NA,NA,NA,-Inf,NA,0.000608267716535484,0,-0.00289215686274498,0,0,0,0.05633014354067,0,0.0980923076923076,0,0,0,0
"19",19,1417800000,164206000,4084470000,0.388417591511261,0,0.2,20,132,0.2,0.1,0.1,6.8e-06,3.101,38.18,-0.276,1,0,0,0,0,1,18.7,0.65,0.4,0,0,0,0,0,0,0,50.8,-3,5.1,15,-999,-999,41.8,-4,5.2,14,-99,99,119244000,316.78,1.02501e-06,0,-41.8454,NA,NA,357.64,NA,NA,NA,NA,NA,NA,0.735483,0,0,0,0,0,1564830000,180232000,4506040000,0.348376845300974,0,0.2,20.2621,132.086,0.197281,0.0996407,0.100415,6.8e-06,3.101,38.18,-0.276,1,0,0,0,0,1,18.8069,0.65,0.4,0,0,0,0,0,0.0125177,0,49.9513,-3,5.01051,15,-999,-999,42.6238,-4,5.30563,14,-99,99,119244000,874.886,8.71797e-13,0,-109.516,NA,NA,1053.9,NA,NA,NA,NA,NA,NA,-69.5969,0,0.0950473,0.00190095,0,0,NA,NA,NA,NA,NA,NA,NA,"D101-E0-F1-cos",4,"D101","E0","F1","cos",0.00952595,"#V3.24O",0.4,FALSE,"D101-E0-F1-cos-4",0.103702920016928,0.0975969209407695,0.103212901551486,-0.103086850558173,NA,0,0.013105,0.000651515151515248,-0.013595,-0.00359300000000007,0.00414999999999999,0,0,0,0,0,NA,NA,NA,NA,0,0.00571657754010693,0,0,NA,NA,NA,NA,NA,Inf,NA,-0.0167066929133857,0,-0.0175470588235293,0,0,0,0.019708133971292,0,0.0203134615384615,0,0,0,0
"20",20,1417800000,164206000,4084470000,0.389056597306382,0,0.2,20,132,0.2,0.1,0.1,6.8e-06,3.101,38.18,-0.276,1,0,0,0,0,1,18.7,0.65,0.4,0,0,0,0,0,0,0,50.8,-3,5.1,15,-999,-999,41.8,-4,5.2,14,-99,99,119590000,316.749,9.4793e-07,0,-41.8454,NA,NA,357.594,NA,NA,NA,NA,NA,NA,0.750332,0,0,0,0,0,1563930000,181424000,4509530000,0.364789678747009,0,0.2,20.3856,131.244,0.197066,0.0952253,0.102459,6.8e-06,3.101,38.18,-0.276,1,0,0,0,0,1,18.8261,0.65,0.4,0,0,0,0,0,-0.0351137,0,51.7576,-3,5.18635,15,-999,-999,41.9409,-4,5.13972,14,-99,99,119590000,915.191,4.24724e-13,0,-114.132,NA,NA,1098.56,NA,NA,NA,NA,NA,NA,-69.3287,0,0.0938429,0.00187686,0,0,NA,NA,NA,NA,NA,NA,NA,"D101-E0-F1-cos",5,"D101","E0","F1","cos",0.0734487,"#V3.24O",0.45,FALSE,"D101-E0-F1-cos-5",0.103068133728311,0.104856095392373,0.104067357576381,-0.0623737490313338,NA,0,0.01928,-0.00572727272727273,-0.0146700000000001,-0.0477470000000001,0.0245899999999999,0,0,0,0,0,NA,NA,NA,NA,0,0.00674331550802144,0,0,NA,NA,NA,NA,NA,-Inf,NA,0.0188503937007874,0,0.0169313725490197,0,0,0,0.00337081339712924,0,-0.0115923076923078,0,0,0,0
"21",21,1417800000,164206000,4084470000,0.397561984786276,0,0.2,20,132,0.2,0.1,0.1,6.8e-06,3.101,38.18,-0.276,1,0,0,0,0,1,18.7,0.65,0.4,0,0,0,0,0,0,0,50.8,-3,5.1,15,-999,-999,41.8,-4,5.2,14,-99,99,122019000,316.887,1.19902e-06,0,-41.8454,NA,NA,357.683,NA,NA,NA,NA,NA,NA,0.799396,0,0,0,0,0,1560320000,180061000,4491410000,0.336382116083813,0,0.2,19.3591,133.478,0.200557,0.103635,0.0945674,6.8e-06,3.101,38.18,-0.276,1,0,0,0,0,1,18.7672,0.65,0.4,0,0,0,0,0,0.0736673,0,50.0159,-3,4.98908,15,-999,-999,40.6881,-4,4.92198,14,-99,99,122019000,877.587,2.19863e-12,0,-114.534,NA,NA,1061.13,NA,NA,NA,NA,NA,NA,-69.1147,0,0.100019,0.00200037,0,0,NA,NA,NA,NA,NA,NA,NA,"D101-E0-F1-cos",6,"D101","E0","F1","cos",0.00997298,"#V3.24O",0.466666666666667,FALSE,"D101-E0-F1-cos-6",0.100521935392862,0.09655554608236,0.0996310414815141,-0.153887622669337,NA,0,-0.0320449999999999,0.0111969696969698,0.00278500000000001,0.03635,-0.0543260000000001,0,0,0,0,0,NA,NA,NA,NA,0,0.00359358288770052,0,0,NA,NA,NA,NA,NA,Inf,NA,-0.0154350393700786,0,-0.021749019607843,0,0,0,-0.0266004784688995,0,-0.0534653846153847,0,0,0,0
"22",22,1417800000,164206000,4084470000,0.377664666407147,0,0.2,20,132,0.2,0.1,0.1,6.8e-06,3.101,38.18,-0.276,1,0,0,0,0,1,18.7,0.65,0.4,0,0,0,0,0,0,0,50.8,-3,5.1,15,-999,-999,41.8,-4,5.2,14,-99,99,115846000,315.181,7.74515e-07,0,-41.8454,NA,NA,356.138,NA,NA,NA,NA,NA,NA,0.638528,0,0,0,0,0,1519850000,176195000,4376380000,0.338839406084481,0,0.2,19.5494,132.285,0.203228,0.101444,0.0969014,6.8e-06,3.101,38.18,-0.276,1,0,0,0,0,1,18.7527,0.65,0.4,0,0,0,0,0,0.0371206,0,50.3635,-3,5.06798,15,-999,-999,41.0329,-4,4.99862,14,-99,99,115846000,959.696,1.45337e-12,0,-110.708,NA,NA,1139.29,NA,NA,NA,NA,NA,NA,-68.983,0,0.0983366,0.00196673,0,0,NA,NA,NA,NA,NA,NA,NA,"D101-E0-F1-cos",7,"D101","E0","F1","cos",0.0122989,"#V3.24O",0.45,FALSE,"D101-E0-F1-cos-7",0.0719777119480886,0.0730119484062702,0.0714682688329208,-0.102803528569469,NA,0,-0.0225300000000001,0.00215909090909088,0.0161399999999999,0.01444,-0.0309860000000001,0,0,0,0,0,NA,NA,NA,NA,0,0.0028181818181819,0,0,NA,NA,NA,NA,NA,Inf,NA,-0.00859251968503928,0,-0.00627843137254888,0,0,0,-0.0183516746411483,0,-0.0387269230769231,0,0,0,0
"23",23,1417800000,164206000,4084470000,0.394386542195193,0,0.2,20,132,0.2,0.1,0.1,6.8e-06,3.101,38.18,-0.276,1,0,0,0,0,1,18.7,0.65,0.4,0,0,0,0,0,0,0,50.8,-3,5.1,15,-999,-999,41.8,-4,5.2,14,-99,99,120927000,316.815,9.43081e-07,0,-41.8454,NA,NA,357.557,NA,NA,NA,NA,NA,NA,0.852599,0,0,0,0,0,1544720000,180183000,4452960000,0.349417016995437,0,0.2,19.7059,130.97,0.20409,0.102502,0.100968,6.8e-06,3.101,38.18,-0.276,1,0,0,0,0,1,18.7921,0.65,0.4,0,0,0,0,0,0.0356263,0,50.4695,-3,5.05512,15,-999,-999,39.9494,-4,4.7912,14,-99,99,120927000,937.55,1.36148e-12,0,-113.347,NA,NA,1119.86,NA,NA,NA,NA,NA,NA,-69.0684,0,0.10118,0.00202361,0,0,NA,NA,NA,NA,NA,NA,NA,"D101-E0-F1-cos",8,"D101","E0","F1","cos",0.0245009,"#V3.24O",0.45,FALSE,"D101-E0-F1-cos-8",0.0895189730568486,0.0972985152795878,0.0902173354192833,-0.11402398507173,NA,0,-0.014705,-0.00780303030303031,0.0204499999999999,0.0250199999999999,0.00967999999999997,0,0,0,0,0,NA,NA,NA,NA,0,0.00492513368983968,0,0,NA,NA,NA,NA,NA,Inf,NA,-0.00650590551181104,0,-0.00880000000000001,0,0,0,-0.0442727272727273,0,-0.0786153846153847,0,0,0,0
"24",24,1417800000,164206000,4084470000,0.391446136218408,0,0.2,20,132,0.2,0.1,0.1,6.8e-06,3.101,38.18,-0.276,1,0,0,0,0,1,18.7,0.65,0.4,0,0,0,0,0,0,0,50.8,-3,5.1,15,-999,-999,41.8,-4,5.2,14,-99,99,120098000,316.375,1.06472e-06,0,-41.8454,NA,NA,357.209,NA,NA,NA,NA,NA,NA,0.760995,0,0,0,0,0,1544060000,180991000,4454240000,0.372833524911096,0,0.2,19.9961,129.546,0.205328,0.0968004,0.106783,6.8e-06,3.101,38.18,-0.276,1,0,0,0,0,1,18.8143,0.65,0.4,0,0,0,0,0,-0.0309294,0,51.2336,-3,5.15841,15,-999,-999,41.7188,-4,5.12723,14,-99,99,120098000,905.879,4.7878e-13,0,-111.954,NA,NA,1087.3,NA,NA,NA,NA,NA,NA,-69.5616,0,0.0950995,0.00190199,0,0,NA,NA,NA,NA,NA,NA,NA,"D101-E0-F1-cos",9,"D101","E0","F1","cos",0.00573865,"#V3.24O",0.466666666666667,FALSE,"D101-E0-F1-cos-9",0.0890534631118634,0.102219163733359,0.09053071757168,-0.0475483331809592,NA,0,-0.000195000000000078,-0.0185909090909092,0.02664,-0.0319960000000001,0.06783,0,0,0,0,0,NA,NA,NA,NA,0,0.00611229946524065,0,0,NA,NA,NA,NA,NA,-Inf,NA,0.00853543307086625,0,0.0114529411764706,0,0,0,-0.00194258373205731,0,-0.0139942307692308,0,0,0,0
"25",25,1417800000,164206000,4084470000,0.386845784153146,0,0.2,20,132,0.2,0.1,0.1,6.8e-06,3.101,38.18,-0.276,1,0,0,0,0,1,18.7,0.65,0.4,0,0,0,0,0,0,0,50.8,-3,5.1,15,-999,-999,41.8,-4,5.2,14,-99,99,118786000,315.702,9.1056e-07,0,-41.8454,NA,NA,356.547,NA,NA,NA,NA,NA,NA,0.750721,0,0,0,0,0,1559630000,181604000,4497560000,0.368684353293786,0,0.2,20.273,130.795,0.200182,0.0994289,0.104808,6.8e-06,3.101,38.18,-0.276,1,0,0,0,0,1,18.8178,0.65,0.4,0,0,0,0,0,-0.0584264,0,51.65,-3,5.19562,15,-999,-999,42.5509,-4,5.37071,14,-99,99,118786000,921.862,3.60021e-13,0,-113.01,NA,NA,1104,NA,NA,NA,NA,NA,NA,-69.2232,0,0.0921189,0.00184238,0,0,NA,NA,NA,NA,NA,NA,NA,"D101-E0-F1-cos",10,"D101","E0","F1","cos",0.00850589,"#V3.24O",0.4,FALSE,"D101-E0-F1-cos-10",0.100035265904923,0.105952279453857,0.101136744791858,-0.0469474700341317,NA,0,0.01365,-0.00912878787878797,0.000909999999999939,-0.00571100000000005,0.0480799999999999,0,0,0,0,0,NA,NA,NA,NA,0,0.00629946524064166,0,0,NA,NA,NA,NA,NA,-Inf,NA,0.016732283464567,0,0.0187490196078432,0,0,0,0.0179641148325359,0,0.0328288461538461,0,0,0,0
"26",26,1417800000,164206000,4084470000,0.394609337319163,0,0.2,20,132,0.2,0.1,0.1,6.8e-06,3.101,38.18,-0.276,1,0,0,0,0,1,18.7,0.65,0.4,0,0,0,0,0,0,0,50.8,-3,5.1,15,-999,-999,41.8,-4,5.2,14,-99,99,121443000,316.334,1.04859e-06,0,-41.8454,NA,NA,356.765,NA,NA,NA,NA,NA,NA,1.16374,0,0,0,0,0,1570840000,181724000,4524380000,0.350403812235047,0,0.2,19.9029,132.859,0.199322,0.0988639,0.0954523,6.8e-06,3.101,38.18,-0.276,1,0,0,0,0,1,18.7896,0.65,0.4,0,0,0,0,0,0.00442027,0,51.6227,-3,5.19012,15,-999,-999,41.0913,-4,5.06539,14,-99,99,121443000,899.066,8.05027e-13,0,-115.602,NA,NA,1083.76,NA,NA,NA,NA,NA,NA,-69.1931,0,0.0959371,0.00191874,0,0,NA,NA,NA,NA,NA,NA,NA,"D101-E0-F1-cos",11,"D101","E0","F1","cos",0.0362222,"#V3.24O",0.416666666666667,FALSE,"D101-E0-F1-cos-11",0.107941881788687,0.106683068828179,0.107703080203796,-0.112023515166754,NA,0,-0.00485500000000005,0.00650757575757582,-0.00339000000000006,-0.011361,-0.045477,0,0,0,0,0,NA,NA,NA,NA,0,0.00479144385026742,0,0,NA,NA,NA,NA,NA,Inf,NA,0.0161948818897639,0,0.0176705882352942,0,0,0,-0.0169545454545455,0,-0.0258865384615385,0,0,0,0
"27",27,1417800000,164206000,4084470000,0.39984624688148,0,0.2,20,132,0.2,0.1,0.1,6.8e-06,3.101,38.18,-0.276,1,0,0,0,0,1,18.7,0.65,0.4,0,0,0,0,0,0,0,50.8,-3,5.1,15,-999,-999,41.8,-4,5.2,14,-99,99,122626000,317.045,1.04087e-06,0,-41.8454,NA,NA,357.799,NA,NA,NA,NA,NA,NA,0.841198,0,0,0,0,0,1566320000,181037000,4510130000,0.342779476423074,0,0.2,19.3832,133.413,0.200118,0.105438,0.0915705,6.8e-06,3.101,38.18,-0.276,1,0,0,0,0,1,18.7758,0.65,0.4,0,0,0,0,0,0.0504507,0,50.7874,-3,5.08652,15,-999,-999,39.3677,-4,4.53594,14,-99,99,122626000,908.16,1.53239e-12,0,-111.94,NA,NA,1089.09,NA,NA,NA,NA,NA,NA,-69.091,0,0.10279,0.00205579,0,0,NA,NA,NA,NA,NA,NA,NA,"D101-E0-F1-cos",12,"D101","E0","F1","cos",0.130249,"#V3.24O",0.433333333333333,FALSE,"D101-E0-F1-cos-12",0.104753843983637,0.102499299660183,0.104214255460317,-0.14272178594519,NA,0,-0.0308400000000001,0.0107045454545455,0.000589999999999896,0.05438,-0.0842950000000001,0,0,0,0,0,NA,NA,NA,NA,0,0.00405347593582893,0,0,NA,NA,NA,NA,NA,Inf,NA,-0.000248031496062974,0,-0.00264313725490186,0,0,0,-0.058188995215311,0,-0.127703846153846,0,0,0,0
"28",28,1417800000,164206000,4084470000,0.392613974395699,0,0.2,20,132,0.2,0.1,0.1,6.8e-06,3.101,38.18,-0.276,1,0,0,0,0,1,18.7,0.65,0.4,0,0,0,0,0,0,0,50.8,-3,5.1,15,-999,-999,41.8,-4,5.2,14,-99,99,120499000,316.114,1.11117e-06,0,-41.8454,NA,NA,357.103,NA,NA,NA,NA,NA,NA,0.606739,0,0,0,0,0,1564550000,179771000,4506070000,0.361084048849663,0,0.2,20.5732,132.729,0.193505,0.0975103,0.0999009,6.8e-06,3.101,38.18,-0.276,1,0,0,0,0,1,18.809,0.65,0.4,0,0,0,0,0,-0.0241405,0,51.3479,-3,5.16329,15,-999,-999,44.3363,-4,5.87928,14,-99,99,120499000,894.103,5.73116e-13,0,-112.745,NA,NA,1076.26,NA,NA,NA,NA,NA,NA,-69.4998,0,0.0880509,0.00176102,0,0,NA,NA,NA,NA,NA,NA,NA,"D101-E0-F1-cos",13,"D101","E0","F1","cos",0.0623408,"#V3.24O",0.433333333333333,FALSE,"D101-E0-F1-cos-13",0.103505430949358,0.0947894717610806,0.103220246445683,-0.0803077006990544,NA,0,0.02866,0.00552272727272737,-0.032475,-0.0248970000000001,-0.000991000000000047,0,0,0,0,0,NA,NA,NA,NA,0,0.00582887700534769,0,0,NA,NA,NA,NA,NA,-Inf,NA,0.0107854330708663,0,0.0124098039215687,0,0,0,0.0606770334928231,0,0.130630769230769,0,0,0,0
"29",29,1417800000,164206000,4084470000,0.395980384235898,0,0.2,20,132,0.2,0.1,0.1,6.8e-06,3.101,38.18,-0.276,1,0,0,0,0,1,18.7,0.65,0.4,0,0,0,0,0,0,0,50.8,-3,5.1,15,-999,-999,41.8,-4,5.2,14,-99,99,121712000,316.41,9.40856e-07,0,-41.8454,NA,NA,357.196,NA,NA,NA,NA,NA,NA,0.808699,0,0,0,0,0,1556130000,179589000,4483040000,0.364513812056105,0,0.2,20.5514,132.661,0.194714,0.0968117,0.0993229,6.8e-06,3.101,38.18,-0.276,1,0,0,0,0,1,18.7999,0.65,0.4,0,0,0,0,0,-0.0104752,0,53.6743,-3,5.45458,15,-999,-999,40.8567,-4,5.0266,14,-99,99,121712000,933.563,6.85651e-13,0,-112.758,NA,NA,1115.56,NA,NA,NA,NA,NA,NA,-69.3299,0,0.0931696,0.00186339,0,0,NA,NA,NA,NA,NA,NA,NA,"D101-E0-F1-cos",14,"D101","E0","F1","cos",0.0597338,"#V3.24O",0.416666666666667,FALSE,"D101-E0-F1-cos-14",0.0975666525603047,0.0936811078766915,0.0975818160006072,-0.0794649771364618,NA,0,0.02757,0.00500757575757577,-0.0264300000000001,-0.0318830000000001,-0.006771,0,0,0,0,0,NA,NA,NA,NA,0,0.0053422459893049,0,0,NA,NA,NA,NA,NA,-Inf,NA,0.0565807086614174,0,0.0695254901960785,0,0,0,-0.022566985645933,0,-0.0333461538461538,0,0,0,0
"30",30,1417800000,164206000,4084470000,0.39829402590789,0,0.2,20,132,0.2,0.1,0.1,6.8e-06,3.101,38.18,-0.276,1,0,0,0,0,1,18.7,0.65,0.4,0,0,0,0,0,0,0,50.8,-3,5.1,15,-999,-999,41.8,-4,5.2,14,-99,99,121947000,316.774,9.43371e-07,0,-41.8454,NA,NA,357.693,NA,NA,NA,NA,NA,NA,0.676384,0,0,0,0,0,1577890000,181573000,4540510000,0.325992014112952,0,0.2,19.6017,134.139,0.199277,0.105915,0.0856432,6.8e-06,3.101,38.18,-0.276,1,0,0,0,0,1,18.7712,0.65,0.4,0,0,0,0,0,0.0953054,0,49.555,-3,4.92594,15,-999,-999,41.7491,-4,5.00894,14,-99,99,121947000,962.228,2.77973e-12,0,-112.099,NA,NA,1143.38,NA,NA,NA,NA,NA,NA,-69.1569,0,0.0984396,0.00196879,0,0,NA,NA,NA,NA,NA,NA,NA,"D101-E0-F1-cos",15,"D101","E0","F1","cos",0.0634995,"#V3.24O",0.583333333333333,FALSE,"D101-E0-F1-cos-15",0.112914374382847,0.105763492198823,0.111652184983609,-0.181529239938082,NA,0,-0.019915,0.0162045454545455,-0.00361500000000001,0.0591499999999999,-0.143568,0,0,0,0,0,NA,NA,NA,NA,0,0.0038074866310161,0,0,NA,NA,NA,NA,NA,Inf,NA,-0.024507874015748,0,-0.0341294117647059,0,0,0,-0.00121770334928226,0,-0.0367423076923077,0,0,0,0
"31",31,1417800000,164206000,4084470000,0.384380348001087,0,0.2,20,132,0.2,0.1,0.1,6.8e-06,3.101,38.18,-0.276,1,0,0,0,0,1,18.7,0.65,0.4,0,0,0,0,0,0,0,50.8,-3,5.1,15,-999,-999,41.8,-4,5.2,14,-99,99,117870000,210237,1.00317e-06,0,-41.8454,NA,NA,356.006,209922,NA,NA,NA,NA,NA,0.809811,0,0,0,0,0,1568470000,182182000,4520080000,0.363444894780623,0,0.2,20.0465,131.565,0.2009,0.0983863,0.100034,6.8e-06,3.101,38.18,-0.276,1,0,0,0,0,1,18.8066,0.65,0.4,0,0,0,0,0,-0.0430735,0,51.3183,-3,5.16161,15,-999,-999,40.7176,-4,5.02808,14,-99,99,117870000,1781.15,4.67099e-13,0,-112.81,NA,NA,1098.05,864.912,NA,NA,NA,NA,NA,-69.1002,0,0.0973157,0.00194631,0,0,NA,NA,NA,NA,NA,NA,NA,"D102-E0-F1-cos",1,"D102","E0","F1","cos",0.00266558,"#V3.24O",0.833333333333333,FALSE,"D102-E0-F1-cos-1",0.106270277895331,0.10947224827351,0.106650312035588,-0.0544654619554193,NA,0,0.00232500000000009,-0.00329545454545456,0.00449999999999992,-0.0161370000000001,0.000339999999999924,0,0,0,0,0,NA,NA,NA,NA,0,0.0057005347593583,0,0,NA,NA,NA,NA,NA,-Inf,NA,0.0102027559055119,0,0.0120803921568627,0,0,0,-0.0258947368421053,0,-0.0330615384615385,0,0,0,0
"32",32,1417800000,164206000,4084470000,0.386764990316981,0,0.2,20,132,0.2,0.1,0.1,6.8e-06,3.101,38.18,-0.276,1,0,0,0,0,1,18.7,0.65,0.4,0,0,0,0,0,0,0,50.8,-3,5.1,15,-999,-999,41.8,-4,5.2,14,-99,99,118693000,210226,8.03743e-07,0,-41.8454,NA,NA,356.778,209910,NA,NA,NA,NA,NA,0.843262,0,0,0,0,0,1561230000,180286000,4495220000,0.356458638286891,0,0.2,19.982,132.275,0.199922,0.100336,0.0963796,6.8e-06,3.101,38.18,-0.276,1,0,0,0,0,1,18.7919,0.65,0.4,0,0,0,0,0,-0.0157389,0,50.1501,-3,5.04143,15,-999,-999,41.7197,-4,5.25127,14,-99,99,118693000,1709.85,6.20013e-13,0,-109.443,NA,NA,1084.74,804.053,NA,NA,NA,NA,NA,-69.6028,0,0.0965782,0.00193156,0,0,NA,NA,NA,NA,NA,NA,NA,"D102-E0-F1-cos",2,"D102","E0","F1","cos",0.0214766,"#V3.24O",0.816666666666667,FALSE,"D102-E0-F1-cos-2",0.101163774862463,0.0979257761592146,0.100563843044508,-0.0783585711965601,NA,0,-0.000900000000000034,0.00208333333333338,-0.000390000000000112,0.00335999999999989,-0.0362040000000001,0,0,0,0,0,NA,NA,NA,NA,0,0.00491443850267374,0,0,NA,NA,NA,NA,NA,-Inf,NA,-0.0127933070866141,0,-0.0114843137254901,0,0,0,-0.00192105263157881,0,0.00985961538461533,0,0,0,0
"33",33,1417800000,164206000,4084470000,0.396328042561214,0,0.2,20,132,0.2,0.1,0.1,6.8e-06,3.101,38.18,-0.276,1,0,0,0,0,1,18.7,0.65,0.4,0,0,0,0,0,0,0,50.8,-3,5.1,15,-999,-999,41.8,-4,5.2,14,-99,99,121535000,210258,7.97213e-07,0,-41.8454,NA,NA,357.22,209942,NA,NA,NA,NA,NA,0.588077,0,0,0,0,0,1564920000,181925000,4510610000,0.358796260372766,0,0.2,20.1347,130.719,0.201616,0.0961317,0.103717,6.8e-06,3.101,38.18,-0.276,1,0,0,0,0,1,18.8179,0.65,0.4,0,0,0,0,0,-0.0129313,0,50.4427,-3,5.05549,15,-999,-999,42.557,-4,5.40412,14,-99,99,121535000,1768.68,6.1566e-13,0,-112.309,NA,NA,1092.34,858.197,NA,NA,NA,NA,NA,-69.6463,0,0.094071,0.00188142,0,0,NA,NA,NA,NA,NA,NA,NA,"D102-E0-F1-cos",3,"D102","E0","F1","cos",0.0192746,"#V3.24O",0.866666666666667,FALSE,"D102-E0-F1-cos-3",0.103766398645789,0.107907141030169,0.104331773767466,-0.0946987801970917,NA,0,0.00673499999999994,-0.0097045454545455,0.00807999999999989,-0.0386830000000001,0.03717,0,0,0,0,0,NA,NA,NA,NA,0,0.00630481283422472,0,0,NA,NA,NA,NA,NA,-Inf,NA,-0.00703346456692904,0,-0.00872745098039212,0,0,0,0.0181100478468901,0,0.0392538461538461,0,0,0,0
"34",34,1417800000,164206000,4084470000,0.388417591511261,0,0.2,20,132,0.2,0.1,0.1,6.8e-06,3.101,38.18,-0.276,1,0,0,0,0,1,18.7,0.65,0.4,0,0,0,0,0,0,0,50.8,-3,5.1,15,-999,-999,41.8,-4,5.2,14,-99,99,119244000,210246,1.02501e-06,0,-41.8454,NA,NA,357.64,209929,NA,NA,NA,NA,NA,0.735483,0,0,0,0,0,1561780000,180255000,4496640000,0.341328191716482,0,0.2,20.0325,132.077,0.199829,0.100911,0.0990404,6.8e-06,3.101,38.18,-0.276,1,0,0,0,0,1,18.7953,0.65,0.4,0,0,0,0,0,0.0349796,0,49.774,-3,4.99975,15,-999,-999,41.6176,-4,5.11353,14,-99,99,119244000,1691.11,1.19049e-12,0,-109.74,NA,NA,1059.37,810.827,NA,NA,NA,NA,NA,-69.4499,0,0.0978443,0.00195689,0,0,NA,NA,NA,NA,NA,NA,NA,"D102-E0-F1-cos",4,"D102","E0","F1","cos",0.00794866,"#V3.24O",0.883333333333333,FALSE,"D102-E0-F1-cos-4",0.101551699816617,0.0977369889041813,0.100911501369823,-0.121233952385016,NA,0,0.00162499999999994,0.00058333333333332,-0.000855000000000022,0.00910999999999995,-0.00959600000000005,0,0,0,0,0,NA,NA,NA,NA,0,0.00509625668449207,0,0,NA,NA,NA,NA,NA,Inf,NA,-0.0201968503937007,0,-0.019656862745098,0,0,0,-0.00436363636363622,0,-0.0166288461538462,0,0,0,0
"35",35,1417800000,164206000,4084470000,0.389056597306382,0,0.2,20,132,0.2,0.1,0.1,6.8e-06,3.101,38.18,-0.276,1,0,0,0,0,1,18.7,0.65,0.4,0,0,0,0,0,0,0,50.8,-3,5.1,15,-999,-999,41.8,-4,5.2,14,-99,99,119590000,210254,9.4793e-07,0,-41.8454,NA,NA,357.594,209937,NA,NA,NA,NA,NA,0.750332,0,0,0,0,0,1550400000,180518000,4470020000,0.354465975543734,0,0.2,20.1561,131.139,0.201133,0.0983247,0.101264,6.8e-06,3.101,38.18,-0.276,1,0,0,0,0,1,18.8024,0.65,0.4,0,0,0,0,0,0.00333261,0,51.3905,-3,5.15483,15,-999,-999,41.9469,-4,5.16034,14,-99,99,119590000,1834.95,7.22322e-13,0,-113.879,NA,NA,1108.12,909.077,NA,NA,NA,NA,NA,-68.4578,0,0.0943516,0.00188703,0,0,NA,NA,NA,NA,NA,NA,NA,"D102-E0-F1-cos",5,"D102","E0","F1","cos",0.031602,"#V3.24O",0.883333333333333,FALSE,"D102-E0-F1-cos-5",0.0935251798561151,0.0993386356162381,0.0943941319191964,-0.0889089710909281,NA,0,0.00780499999999993,-0.0065227272727272,0.00566499999999998,-0.016753,0.01264,0,0,0,0,0,NA,NA,NA,NA,0,0.00547593582887697,0,0,NA,NA,NA,NA,NA,Inf,NA,0.0116240157480316,0,0.0107509803921569,0,0,0,0.0035143540669857,0,-0.00762692307692317,0,0,0,0
"36",36,1417800000,164206000,4084470000,0.397561984786276,0,0.2,20,132,0.2,0.1,0.1,6.8e-06,3.101,38.18,-0.276,1,0,0,0,0,1,18.7,0.65,0.4,0,0,0,0,0,0,0,50.8,-3,5.1,15,-999,-999,41.8,-4,5.2,14,-99,99,122019000,210270,1.19902e-06,0,-41.8454,NA,NA,357.683,209953,NA,NA,NA,NA,NA,0.799396,0,0,0,0,0,1563870000,180578000,4504160000,0.356115235693226,0,0.2,19.9636,132.711,0.198367,0.0995605,0.0995124,6.8e-06,3.101,38.18,-0.276,1,0,0,0,0,1,18.7904,0.65,0.4,0,0,0,0,0,0.0130512,0,50.6549,-3,5.06198,15,-999,-999,43.5463,-4,5.60776,14,-99,99,122019000,1765.22,9.65404e-13,0,-114.617,NA,NA,1068.29,880.949,NA,NA,NA,NA,NA,-69.4915,0,0.0913794,0.00182759,0,0,NA,NA,NA,NA,NA,NA,NA,"D102-E0-F1-cos",6,"D102","E0","F1","cos",0.16459,"#V3.24O",0.883333333333333,FALSE,"D102-E0-F1-cos-6",0.103025814642404,0.0997040303033994,0.102752621515154,-0.104252294432354,NA,0,-0.00182000000000002,0.00538636363636373,-0.00816500000000012,-0.00439500000000009,-0.00487600000000005,0,0,0,0,0,NA,NA,NA,NA,0,0.00483422459893061,0,0,NA,NA,NA,NA,NA,Inf,NA,-0.00285629921259841,0,-0.00745490196078422,0,0,0,0.0417775119617226,0,0.0784153846153846,0,0,0,0
"37",37,1417800000,164206000,4084470000,0.377664666407147,0,0.2,20,132,0.2,0.1,0.1,6.8e-06,3.101,38.18,-0.276,1,0,0,0,0,1,18.7,0.65,0.4,0,0,0,0,0,0,0,50.8,-3,5.1,15,-999,-999,41.8,-4,5.2,14,-99,99,115846000,210210,7.74515e-07,0,-41.8454,NA,NA,356.138,209895,NA,NA,NA,NA,NA,0.638528,0,0,0,0,0,1526170000,176615000,4396040000,0.350151499986351,0,0.2,19.9414,132.331,0.1996,0.101142,0.097279,6.8e-06,3.101,38.18,-0.276,1,0,0,0,0,1,18.7697,0.65,0.4,0,0,0,0,0,-0.00101006,0,51.159,-3,5.15202,15,-999,-999,42.8201,-4,5.4268,14,-99,99,115846000,1823.4,8.57641e-13,0,-110.353,NA,NA,1143.97,859.091,NA,NA,NA,NA,NA,-69.4004,0,0.092242,0.00184484,0,0,NA,NA,NA,NA,NA,NA,NA,"D102-E0-F1-cos",7,"D102","E0","F1","cos",0.0189407,"#V3.24O",0.9,FALSE,"D102-E0-F1-cos-7",0.076435322330371,0.0755697112163989,0.0762816228298898,-0.0728507823687564,NA,0,-0.00292999999999992,0.00250757575757567,-0.00200000000000006,0.0114199999999999,-0.02721,0,0,0,0,0,NA,NA,NA,NA,0,0.00372727272727278,0,0,NA,NA,NA,NA,NA,-Inf,NA,0.0070669291338583,0,0.0102000000000001,0,0,0,0.0244043062200957,0,0.0436153846153846,0,0,0,0
"38",38,1417800000,164206000,4084470000,0.394386542195193,0,0.2,20,132,0.2,0.1,0.1,6.8e-06,3.101,38.18,-0.276,1,0,0,0,0,1,18.7,0.65,0.4,0,0,0,0,0,0,0,50.8,-3,5.1,15,-999,-999,41.8,-4,5.2,14,-99,99,120927000,210262,9.43081e-07,0,-41.8454,NA,NA,357.557,209945,NA,NA,NA,NA,NA,0.852599,0,0,0,0,0,1549020000,180465000,4465360000,0.354945625884587,0,0.2,19.9465,130.888,0.202926,0.100475,0.101024,6.8e-06,3.101,38.18,-0.276,1,0,0,0,0,1,18.8002,0.65,0.4,0,0,0,0,0,0.0178945,0,50.4657,-3,5.05307,15,-999,-999,41.0196,-4,5.04186,14,-99,99,120927000,1824.12,1.07212e-12,0,-113.066,NA,NA,1124.44,881.955,NA,NA,NA,NA,NA,-69.2999,0,0.0981351,0.0019627,0,0,NA,NA,NA,NA,NA,NA,NA,"D102-E0-F1-cos",8,"D102","E0","F1","cos",0.152105,"#V3.24O",0.883333333333333,FALSE,"D102-E0-F1-cos-8",0.092551840880237,0.0990158703092457,0.0932532250206269,-0.100005735720783,NA,0,-0.00267499999999998,-0.00842424242424238,0.0146299999999999,0.00474999999999989,0.01024,0,0,0,0,0,NA,NA,NA,NA,0,0.00535828877005353,0,0,NA,NA,NA,NA,NA,Inf,NA,-0.0065807086614173,0,-0.00920196078431367,0,0,0,-0.0186698564593301,0,-0.0304115384615385,0,0,0,0
"39",39,1417800000,164206000,4084470000,0.391446136218408,0,0.2,20,132,0.2,0.1,0.1,6.8e-06,3.101,38.18,-0.276,1,0,0,0,0,1,18.7,0.65,0.4,0,0,0,0,0,0,0,50.8,-3,5.1,15,-999,-999,41.8,-4,5.2,14,-99,99,120098000,210256,1.06472e-06,0,-41.8454,NA,NA,357.209,209940,NA,NA,NA,NA,NA,0.760995,0,0,0,0,0,1545990000,180527000,4457500000,0.360406057206955,0,0.2,19.9814,130.615,0.20385,0.0985222,0.101436,6.8e-06,3.101,38.18,-0.276,1,0,0,0,0,1,18.8001,0.65,0.4,0,0,0,0,0,0.00333981,0,51.1529,-3,5.14333,15,-999,-999,42.2317,-4,5.21006,14,-99,99,120098000,1722.18,7.61128e-13,0,-112.001,NA,NA,1093.74,810.145,NA,NA,NA,NA,NA,-69.8007,0,0.0940064,0.00188013,0,0,NA,NA,NA,NA,NA,NA,NA,"D102-E0-F1-cos",9,"D102","E0","F1","cos",0.0256325,"#V3.24O",0.816666666666667,FALSE,"D102-E0-F1-cos-9",0.0904147270418959,0.0993934448193123,0.0913288627410656,-0.0792959136378706,NA,0,-0.000929999999999964,-0.0104924242424242,0.01925,-0.014778,0.0143599999999999,0,0,0,0,0,NA,NA,NA,NA,0,0.00535294117647065,0,0,NA,NA,NA,NA,NA,Inf,NA,0.00694685039370089,0,0.00849607843137257,0,0,0,0.0103277511961722,0,0.00193461538461542,0,0,0,0
"40",40,1417800000,164206000,4084470000,0.386845784153146,0,0.2,20,132,0.2,0.1,0.1,6.8e-06,3.101,38.18,-0.276,1,0,0,0,0,1,18.7,0.65,0.4,0,0,0,0,0,0,0,50.8,-3,5.1,15,-999,-999,41.8,-4,5.2,14,-99,99,118786000,210224,9.1056e-07,0,-41.8454,NA,NA,356.547,209908,NA,NA,NA,NA,NA,0.750721,0,0,0,0,0,1557340000,180685000,4488010000,0.353976484009617,0,0.2,20.088,132.05,0.199457,0.100927,0.0974323,6.8e-06,3.101,38.18,-0.276,1,0,0,0,0,1,18.796,0.65,0.4,0,0,0,0,0,-0.0153636,0,51.7577,-3,5.20959,15,-999,-999,41.6206,-4,5.16554,14,-99,99,118786000,1780.44,6.47883e-13,0,-112.91,NA,NA,1111.05,851.601,NA,NA,NA,NA,NA,-69.3977,0,0.0943325,0.00188665,0,0,NA,NA,NA,NA,NA,NA,NA,"D102-E0-F1-cos",10,"D102","E0","F1","cos",0.00228967,"#V3.24O",0.8,FALSE,"D102-E0-F1-cos-10",0.0984200874594442,0.100355650828837,0.0987986201392102,-0.0849674508292343,NA,0,0.00440000000000005,0.000378787878787965,-0.00271500000000008,0.00926999999999997,-0.0256770000000001,0,0,0,0,0,NA,NA,NA,NA,0,0.0051336898395722,0,0,NA,NA,NA,NA,NA,-Inf,NA,0.0188523622047245,0,0.0214882352941178,0,0,0,-0.00429186602870799,0,-0.00662692307692311,0,0,0,0
"41",41,1417800000,164206000,4084470000,0.394609337319163,0,0.2,20,132,0.2,0.1,0.1,6.8e-06,3.101,38.18,-0.276,1,0,0,0,0,1,18.7,0.65,0.4,0,0,0,0,0,0,0,50.8,-3,5.1,15,-999,-999,41.8,-4,5.2,14,-99,99,121443000,210243,1.04859e-06,0,-41.8454,NA,NA,356.765,209927,NA,NA,NA,NA,NA,1.16374,0,0,0,0,0,1570380000,181888000,4524260000,0.357318102849969,0,0.2,20.0549,132.326,0.199421,0.0986084,0.0985668,6.8e-06,3.101,38.18,-0.276,1,0,0,0,0,1,18.7982,0.65,0.4,0,0,0,0,0,-0.015011,0,51.4501,-3,5.16854,15,-999,-999,42.1451,-4,5.29609,14,-99,99,121443000,1784.68,6.19597e-13,0,-115.061,NA,NA,1089.82,878.888,NA,NA,NA,NA,NA,-69.0654,0,0.0934528,0.00186906,0,0,NA,NA,NA,NA,NA,NA,NA,"D102-E0-F1-cos",11,"D102","E0","F1","cos",0.0385952,"#V3.24O",0.833333333333333,FALSE,"D102-E0-F1-cos-11",0.107617435463394,0.10768181430642,0.107673700627009,-0.0945016525015285,NA,0,0.002745,0.00246969696969692,-0.00289500000000012,-0.0139160000000001,-0.0143320000000001,0,0,0,0,0,NA,NA,NA,NA,0,0.00525133689839583,0,0,NA,NA,NA,NA,NA,-Inf,NA,0.0127972440944882,0,0.0134392156862746,0,0,0,0.00825598086124407,0,0.0184788461538462,0,0,0,0
"42",42,1417800000,164206000,4084470000,0.39984624688148,0,0.2,20,132,0.2,0.1,0.1,6.8e-06,3.101,38.18,-0.276,1,0,0,0,0,1,18.7,0.65,0.4,0,0,0,0,0,0,0,50.8,-3,5.1,15,-999,-999,41.8,-4,5.2,14,-99,99,122626000,210256,1.04087e-06,0,-41.8454,NA,NA,357.799,209939,NA,NA,NA,NA,NA,0.841198,0,0,0,0,0,1573430000,181819000,4533080000,0.361910665596019,0,0.2,19.988,132.913,0.197044,0.102847,0.0942367,6.8e-06,3.101,38.18,-0.276,1,0,0,0,0,1,18.8006,0.65,0.4,0,0,0,0,0,-0.010409,0,51.5543,-3,5.17014,15,-999,-999,41.4147,-4,5.05375,14,-99,99,122626000,1748.42,6.68631e-13,0,-111.064,NA,NA,1095.32,833.604,NA,NA,NA,NA,NA,-69.5387,0,0.0954632,0.00190926,0,0,NA,NA,NA,NA,NA,NA,NA,"D102-E0-F1-cos",12,"D102","E0","F1","cos",0.0324844,"#V3.24O",0.783333333333333,FALSE,"D102-E0-F1-cos-12",0.109768655663704,0.107261610416185,0.109833099520868,-0.0948754216935433,NA,0,-0.000600000000000023,0.00691666666666675,-0.0147800000000001,0.0284699999999999,-0.057633,0,0,0,0,0,NA,NA,NA,NA,0,0.00537967914438503,0,0,NA,NA,NA,NA,NA,-Inf,NA,0.0148484251968504,0,0.0137529411764707,0,0,0,-0.00921770334928215,0,-0.028125,0,0,0,0
"43",43,1417800000,164206000,4084470000,0.392613974395699,0,0.2,20,132,0.2,0.1,0.1,6.8e-06,3.101,38.18,-0.276,1,0,0,0,0,1,18.7,0.65,0.4,0,0,0,0,0,0,0,50.8,-3,5.1,15,-999,-999,41.8,-4,5.2,14,-99,99,120499000,210238,1.11117e-06,0,-41.8454,NA,NA,357.103,209922,NA,NA,NA,NA,NA,0.606739,0,0,0,0,0,1551830000,179232000,4469420000,0.351584769388422,0,0.2,20.2371,132.062,0.198761,0.0986388,0.103016,6.8e-06,3.101,38.18,-0.276,1,0,0,0,0,1,18.7912,0.65,0.4,0,0,0,0,0,0.0114205,0,50.5304,-3,5.0756,15,-999,-999,43.4407,-4,5.63017,14,-99,99,120499000,1809.59,9.39751e-13,0,-112.462,NA,NA,1083.58,907.491,NA,NA,NA,NA,NA,-69.1102,0,0.0916429,0.00183286,0,0,NA,NA,NA,NA,NA,NA,NA,"D102-E0-F1-cos",13,"D102","E0","F1","cos",0.00263293,"#V3.24O",0.766666666666667,FALSE,"D102-E0-F1-cos-13",0.0945337847369163,0.091507009488082,0.0942472340352604,-0.104502660839895,NA,0,0.0118550000000001,0.000469696969697059,-0.00619500000000009,-0.0136120000000001,0.0301599999999999,0,0,0,0,0,NA,NA,NA,NA,0,0.00487700534759362,0,0,NA,NA,NA,NA,NA,Inf,NA,-0.00530708661417317,0,-0.00478431372549019,0,0,0,0.0392511961722489,0,0.0827249999999999,0,0,0,0
"44",44,1417800000,164206000,4084470000,0.395980384235898,0,0.2,20,132,0.2,0.1,0.1,6.8e-06,3.101,38.18,-0.276,1,0,0,0,0,1,18.7,0.65,0.4,0,0,0,0,0,0,0,50.8,-3,5.1,15,-999,-999,41.8,-4,5.2,14,-99,99,121712000,210236,9.40856e-07,0,-41.8454,NA,NA,357.196,209920,NA,NA,NA,NA,NA,0.808699,0,0,0,0,0,1554160000,179498000,4476360000,0.35579354654228,0,0.2,20.2804,132.593,0.196997,0.0975011,0.100123,6.8e-06,3.101,38.18,-0.276,1,0,0,0,0,1,18.7907,0.65,0.4,0,0,0,0,0,0.0161834,0,52.9208,-3,5.37652,15,-999,-999,40.1424,-4,4.80357,14,-99,99,121712000,1779.21,9.8896e-13,0,-112.685,NA,NA,1121.53,839.903,NA,NA,NA,NA,NA,-69.6403,0,0.0965375,0.00193075,0,0,NA,NA,NA,NA,NA,NA,NA,"D102-E0-F1-cos",14,"D102","E0","F1","cos",0.026571,"#V3.24O",0.733333333333333,FALSE,"D102-E0-F1-cos-14",0.0961771759063338,0.0931269259344969,0.0959463528927866,-0.101486940498743,NA,0,0.01402,0.00449242424242416,-0.015015,-0.0249890000000001,0.00122999999999998,0,0,0,0,0,NA,NA,NA,NA,0,0.00485026737967924,0,0,NA,NA,NA,NA,NA,Inf,NA,0.041748031496063,0,0.0542196078431374,0,0,0,-0.0396555023923444,0,-0.0762365384615385,0,0,0,0
"45",45,1417800000,164206000,4084470000,0.39829402590789,0,0.2,20,132,0.2,0.1,0.1,6.8e-06,3.101,38.18,-0.276,1,0,0,0,0,1,18.7,0.65,0.4,0,0,0,0,0,0,0,50.8,-3,5.1,15,-999,-999,41.8,-4,5.2,14,-99,99,121947000,210260,9.43371e-07,0,-41.8454,NA,NA,357.693,209944,NA,NA,NA,NA,NA,0.676384,0,0,0,0,0,1571030000,182472000,4526430000,0.351201719677538,0,0.2,19.7905,131.498,0.202801,0.10163,0.0999356,6.8e-06,3.101,38.18,-0.276,1,0,0,0,0,1,18.8024,0.65,0.4,0,0,0,0,0,0.0226974,0,49.6158,-3,4.94284,15,-999,-999,41.9806,-4,5.10244,14,-99,99,121947000,1880.31,1.04718e-12,0,-112.28,NA,NA,1153.41,909.03,NA,NA,NA,NA,NA,-69.951,0,0.0975621,0.00195124,0,0,NA,NA,NA,NA,NA,NA,NA,"D102-E0-F1-cos",15,"D102","E0","F1","cos",0.0663806,"#V3.24O",0.733333333333333,FALSE,"D102-E0-F1-cos-15",0.108075892227395,0.111238322594789,0.108204981307244,-0.118235030322154,NA,0,-0.0104749999999999,-0.00380303030303038,0.014005,0.0162999999999999,-0.000644000000000061,0,0,0,0,0,NA,NA,NA,NA,0,0.00547593582887697,0,0,NA,NA,NA,NA,NA,Inf,NA,-0.0233110236220472,0,-0.0308156862745097,0,0,0,0.00432057416267956,0,-0.0187615384615386,0,0,0,0
