"","X","SSB_MSY_om","TotYield_MSY_om","SSB_Unfished_om","depletion_om","params_on_bound_om","NatM_p_1_Fem_GP_1_om","L_at_Amin_Fem_GP_1_om","L_at_Amax_Fem_GP_1_om","VonBert_K_Fem_GP_1_om","CV_young_Fem_GP_1_om","CV_old_Fem_GP_1_om","Wtlen_1_Fem_om","Wtlen_2_Fem_om","Mat50._Fem_om","Mat_slope_Fem_om","Eggs.kg_inter_Fem_om","Eggs.kg_slope_wt_Fem_om","RecrDist_GP_1_om","RecrDist_Area_1_om","RecrDist_Seas_1_om","CohortGrowDev_om","SR_LN_R0_om","SR_BH_steep_om","SR_sigmaR_om","SR_envlink_om","SR_R1_offset_om","SR_autocorr_om","InitF_1Fishery_om","LnQ_base_1_Fishery_om","LnQ_base_2_Survey_om","LnQ_base_3_CPUE_om","AgeSel_1P_1_Fishery_om","AgeSel_1P_2_Fishery_om","AgeSel_1P_3_Fishery_om","AgeSel_1P_4_Fishery_om","AgeSel_1P_5_Fishery_om","AgeSel_1P_6_Fishery_om","AgeSel_2P_1_Survey_om","AgeSel_2P_2_Survey_om","AgeSel_2P_3_Survey_om","AgeSel_2P_4_Survey_om","AgeSel_2P_5_Survey_om","AgeSel_2P_6_Survey_om","Catch_endyear_om","NLL_TOTAL_om","NLL_Catch_om","NLL_Equil_catch_om","NLL_Survey_om","NLL_Discard_om","NLL_Mean_body_wt_om","NLL_Length_comp_om","NLL_Age_comp_om","NLL_Size_at_age_om","NLL_SizeFreq_om","NLL_Morphcomp_om","NLL_Tag_comp_om","NLL_Tag_negbin_om","NLL_Recruitment_om","NLL_Forecast_Recruitment_om","NLL_Parm_priors_om","NLL_Parm_softbounds_om","NLL_Parm_devs_om","NLL_Crash_Pen_om","SSB_MSY_em","TotYield_MSY_em","SSB_Unfished_em","depletion_em","params_on_bound_em","NatM_p_1_Fem_GP_1_em","L_at_Amin_Fem_GP_1_em","L_at_Amax_Fem_GP_1_em","VonBert_K_Fem_GP_1_em","CV_young_Fem_GP_1_em","CV_old_Fem_GP_1_em","Wtlen_1_Fem_em","Wtlen_2_Fem_em","Mat50._Fem_em","Mat_slope_Fem_em","Eggs.kg_inter_Fem_em","Eggs.kg_slope_wt_Fem_em","RecrDist_GP_1_em","RecrDist_Area_1_em","RecrDist_Seas_1_em","CohortGrowDev_em","SR_LN_R0_em","SR_BH_steep_em","SR_sigmaR_em","SR_envlink_em","SR_R1_offset_em","SR_autocorr_em","InitF_1Fishery_em","LnQ_base_1_Fishery_em","LnQ_base_2_Survey_em","LnQ_base_3_CPUE_em","AgeSel_1P_1_Fishery_em","AgeSel_1P_2_Fishery_em","AgeSel_1P_3_Fishery_em","AgeSel_1P_4_Fishery_em","AgeSel_1P_5_Fishery_em","AgeSel_1P_6_Fishery_em","AgeSel_2P_1_Survey_em","AgeSel_2P_2_Survey_em","AgeSel_2P_3_Survey_em","AgeSel_2P_4_Survey_em","AgeSel_2P_5_Survey_em","AgeSel_2P_6_Survey_em","Catch_endyear_em","NLL_TOTAL_em","NLL_Catch_em","NLL_Equil_catch_em","NLL_Survey_em","NLL_Discard_em","NLL_Mean_body_wt_em","NLL_Length_comp_em","NLL_Age_comp_em","NLL_Size_at_age_em","NLL_SizeFreq_em","NLL_Morphcomp_em","NLL_Tag_comp_em","NLL_Tag_negbin_em","NLL_Recruitment_em","NLL_Forecast_Recruitment_em","NLL_Parm_priors_em","NLL_Parm_softbounds_em","NLL_Parm_devs_em","NLL_Crash_Pen_em","bias1","bias2","bias3","bias4","bias5","bias.converged","bias.tried","scenario","replicate","D","E","F","species","max_grad","version","RunTime","hessian","ID","SSB_MSY_re","TotYield_MSY_re","SSB_Unfished_re","depletion_re","params_on_bound_re","NatM_p_1_Fem_GP_1_re","L_at_Amin_Fem_GP_1_re","L_at_Amax_Fem_GP_1_re","VonBert_K_Fem_GP_1_re","CV_young_Fem_GP_1_re","CV_old_Fem_GP_1_re","Wtlen_1_Fem_re","Wtlen_2_Fem_re","Mat50._Fem_re","Mat_slope_Fem_re","Eggs.kg_inter_Fem_re","Eggs.kg_slope_wt_Fem_re","RecrDist_GP_1_re","RecrDist_Area_1_re","RecrDist_Seas_1_re","CohortGrowDev_re","SR_LN_R0_re","SR_BH_steep_re","SR_sigmaR_re","SR_envlink_re","SR_R1_offset_re","SR_autocorr_re","InitF_1Fishery_re","LnQ_base_1_Fishery_re","LnQ_base_2_Survey_re","LnQ_base_3_CPUE_re","AgeSel_1P_1_Fishery_re","AgeSel_1P_2_Fishery_re","AgeSel_1P_3_Fishery_re","AgeSel_1P_4_Fishery_re","AgeSel_1P_5_Fishery_re","AgeSel_1P_6_Fishery_re","AgeSel_2P_1_Survey_re","AgeSel_2P_2_Survey_re","AgeSel_2P_3_Survey_re","AgeSel_2P_4_Survey_re","AgeSel_2P_5_Survey_re","AgeSel_2P_6_Survey_re","Catch_endyear_re"
"1",1,1.408e+09,170594000,4082630000,0.421468514168563,0,0.2,20,132,0.2,0.1,0.1,6.8e-06,3.101,1.886,-4.89923,1,0,0,0,0,1,18.7,0.65,0.4,0,0,0,0,0,0,0,2.7,-1,0,15,-999,-999,2.4,-1,0,15,-999,-999,127402000,2922.93,7.37672e-07,0,-41.8454,NA,NA,757.283,2206.32,NA,NA,NA,NA,NA,0.920595,0,0,0,0,0,1569820000,188623000,4550340000,0.388349002492121,0,0.2,20.7294,133.003,0.194264,0.108427,0.098803,6.8e-06,3.101,1.886,-4.89923,1,0,0,0,0,1,18.807,0.65,0.4,0,0,0,0,0,-0.0234598,0,2.65605,-1,-0.0589834,15,-999,-999,2.35426,-1,-0.0736501,15,-999,-999,127402000,918.039,5.00545e-13,0,-113.565,NA,NA,520.34,579.258,NA,NA,NA,NA,NA,-68.0722,0,0.0758513,0.00151703,0,0,NA,NA,NA,NA,NA,NA,NA,"D100-E0-F1-cod",1,"D100","E0","F1","cod",0.0196266,"#V3.24O",0.516666666666667,FALSE,"D100-E0-F1-cod-1",0.114928977272727,0.105683670000117,0.11456095703015,-0.0785812238946896,NA,0,0.0364699999999999,0.00759848484848474,-0.0286800000000001,0.0842699999999999,-0.01197,0,0,0,0,0,NA,NA,NA,NA,0,0.0057219251336898,0,0,NA,NA,NA,NA,NA,-Inf,NA,-0.0162777777777778,0,-Inf,0,0,0,-0.0190583333333333,0,-Inf,0,0,0,0
"2",2,1.408e+09,170594000,4082630000,0.410860156320803,0,0.2,20,132,0.2,0.1,0.1,6.8e-06,3.101,1.886,-4.89923,1,0,0,0,0,1,18.7,0.65,0.4,0,0,0,0,0,0,0,2.7,-1,0,15,-999,-999,2.4,-1,0,15,-999,-999,124420000,2909.61,9.9272e-07,0,-41.8454,NA,NA,754.636,2195.84,NA,NA,NA,NA,NA,0.736827,0,0,0,0,0,1538640000,187188000,4462970000,0.375973847012191,0,0.2,19.8801,131.616,0.20235,0.113097,0.0996869,6.8e-06,3.101,1.886,-4.89923,1,0,0,0,0,1,18.7859,0.65,0.4,0,0,0,0,0,-0.00768037,0,2.6873,-1,-0.0105838,15,-999,-999,2.35774,-1,-0.0265555,15,-999,-999,124420000,868.599,5.46217e-13,0,-111.385,NA,NA,479.786,568.753,NA,NA,NA,NA,NA,-68.6305,0,0.0745451,0.0014909,0,0,NA,NA,NA,NA,NA,NA,NA,"D100-E0-F1-cod",2,"D100","E0","F1","cod",0.204544,"#V3.24O",0.5,FALSE,"D100-E0-F1-cod-2",0.0927840909090909,0.0972718852949107,0.0931605362229739,-0.0849104221276022,NA,0,-0.00599500000000006,-0.0029090909090908,0.01175,0.13097,-0.00313100000000011,0,0,0,0,0,NA,NA,NA,NA,0,0.00459358288770066,0,0,NA,NA,NA,NA,NA,-Inf,NA,-0.00470370370370376,0,-Inf,0,0,0,-0.0176083333333332,0,-Inf,0,0,0,0
"3",3,1.408e+09,170594000,4082630000,0.4219828884812,0,0.2,20,132,0.2,0.1,0.1,6.8e-06,3.101,1.886,-4.89923,1,0,0,0,0,1,18.7,0.65,0.4,0,0,0,0,0,0,0,2.7,-1,0,15,-999,-999,2.4,-1,0,15,-999,-999,127824000,2919.57,8.66606e-07,0,-41.8454,NA,NA,756.558,2203.62,NA,NA,NA,NA,NA,0.985471,0,0,0,0,0,1528410000,188676000,4443440000,0.384267594476352,0,0.2,19.9786,129.521,0.204767,0.158374,0.107224,6.8e-06,3.101,1.886,-4.89923,1,0,0,0,0,1,18.8055,0.65,0.4,0,0,0,0,0,-0.00394041,0,2.71313,-1,0.0165757,15,-999,-999,2.4084,-1,0.0152518,15,-999,-999,127824000,917.606,5.6588e-13,0,-111.339,NA,NA,555.494,542.457,NA,NA,NA,NA,NA,-69.0805,0,0.0728116,0.00145623,0,0,NA,NA,NA,NA,NA,NA,NA,"D100-E0-F1-cod",3,"D100","E0","F1","cod",0.0352982,"#V3.24O",0.516666666666667,FALSE,"D100-E0-F1-cod-3",0.0855184659090909,0.105994349156477,0.0883768551154525,-0.0893763586968961,NA,0,-0.00106999999999999,-0.0187803030303031,0.023835,0.58374,0.0722399999999999,0,0,0,0,0,NA,NA,NA,NA,0,0.00564171122994648,0,0,NA,NA,NA,NA,NA,-Inf,NA,0.00486296296296291,0,Inf,0,0,0,0.00349999999999998,0,Inf,0,0,0,0
"4",4,1.408e+09,170594000,4082630000,0.413343849430392,0,0.2,20,132,0.2,0.1,0.1,6.8e-06,3.101,1.886,-4.89923,1,0,0,0,0,1,18.7,0.65,0.4,0,0,0,0,0,0,0,2.7,-1,0,15,-999,-999,2.4,-1,0,15,-999,-999,124816000,2916.08,9.04281e-07,0,-41.8454,NA,NA,755.345,2201.53,NA,NA,NA,NA,NA,0.801742,0,0,0,0,0,1536470000,184076000,4457650000,0.387623523605487,0,0.2,22.62,134.383,0.188495,0.0515067,0.0928811,6.8e-06,3.101,1.886,-4.89923,1,0,0,0,0,1,18.779,0.65,0.4,0,0,0,0,0,-0.0191207,0,2.67867,-1,-0.00457309,15,-999,-999,2.38155,-1,-0.0285468,15,-999,-999,124816000,830.693,4.56932e-13,0,-112.131,NA,NA,457.727,553.972,NA,NA,NA,NA,NA,-68.9509,0,0.0742539,0.00148508,0,0,NA,NA,NA,NA,NA,NA,NA,"D100-E0-F1-cod",4,"D100","E0","F1","cod",0.0591922,"#V3.24O",0.533333333333333,FALSE,"D100-E0-F1-cod-4",0.0912428977272727,0.0790297431328183,0.0918574546309609,-0.0622250115983311,NA,0,0.131,0.0180530303030304,-0.0575250000000001,-0.484933,-0.0711890000000001,0,0,0,0,0,NA,NA,NA,NA,0,0.00422459893048132,0,0,NA,NA,NA,NA,NA,-Inf,NA,-0.00790000000000011,0,-Inf,0,0,0,-0.00768750000000003,0,-Inf,0,0,0,0
"5",5,1.408e+09,170594000,4082630000,0.411134489287543,0,0.2,20,132,0.2,0.1,0.1,6.8e-06,3.101,1.886,-4.89923,1,0,0,0,0,1,18.7,0.65,0.4,0,0,0,0,0,0,0,2.7,-1,0,15,-999,-999,2.4,-1,0,15,-999,-999,124310000,2920.01,7.97918e-07,0,-41.8454,NA,NA,756.62,2204.23,NA,NA,NA,NA,NA,0.757486,0,0,0,0,0,1516990000,187359000,4406660000,0.380542179337639,0,0.2,19.2057,129.834,0.209303,0.134582,0.1003,6.8e-06,3.101,1.886,-4.89923,1,0,0,0,0,1,18.784,0.65,0.4,0,0,0,0,0,0.00247777,0,2.72113,-1,0.0258925,15,-999,-999,2.37605,-1,-0.030457,15,-999,-999,124310000,919.903,6.2861e-13,0,-112.593,NA,NA,494.229,607.175,NA,NA,NA,NA,NA,-68.982,0,0.0735145,0.00147029,0,0,NA,NA,NA,NA,NA,NA,NA,"D100-E0-F1-cod",5,"D100","E0","F1","cod",0.0908923,"#V3.24O",0.5,FALSE,"D100-E0-F1-cod-5",0.0774076704545455,0.0982742652144859,0.0793679564398439,-0.0744094955471081,NA,0,-0.039715,-0.0164090909090909,0.0465149999999999,0.34582,0.00299999999999995,0,0,0,0,0,NA,NA,NA,NA,0,0.00449197860962565,0,0,NA,NA,NA,NA,NA,Inf,NA,0.00782592592592588,0,Inf,0,0,0,-0.00997916666666654,0,-Inf,0,0,0,0
"6",6,1.408e+09,170594000,4082630000,0.416910177998006,0,0.2,20,132,0.2,0.1,0.1,6.8e-06,3.101,1.886,-4.89923,1,0,0,0,0,1,18.7,0.65,0.4,0,0,0,0,0,0,0,2.7,-1,0,15,-999,-999,2.4,-1,0,15,-999,-999,126022000,2917.84,8.73594e-07,0,-41.8454,NA,NA,756.002,2202.61,NA,NA,NA,NA,NA,0.821346,0,0,0,0,0,1563950000,189789000,4539650000,0.372114590331854,0,0.2,21.0384,132.316,0.197218,0.0672028,0.104907,6.8e-06,3.101,1.886,-4.89923,1,0,0,0,0,1,18.8057,0.65,0.4,0,0,0,0,0,0.00724634,0,2.70521,-1,-0.0270304,15,-999,-999,2.43908,-1,0.058611,15,-999,-999,126022000,877.643,7.1163e-13,0,-114.166,NA,NA,511.183,549.36,NA,NA,NA,NA,NA,-68.8072,0,0.0724569,0.00144914,0,0,NA,NA,NA,NA,NA,NA,NA,"D100-E0-F1-cod",6,"D100","E0","F1","cod",0.0795012,"#V3.24O",0.466666666666667,FALSE,"D100-E0-F1-cod-6",0.110759943181818,0.112518611440027,0.11194254683868,-0.107446615674531,NA,0,0.05192,0.00239393939393941,-0.01391,-0.327972,0.0490699999999999,0,0,0,0,0,NA,NA,NA,NA,0,0.00565240641711242,0,0,NA,NA,NA,NA,NA,Inf,NA,0.00192962962962961,0,-Inf,0,0,0,0.0162833333333334,0,Inf,0,0,0,0
"7",7,1.408e+09,170594000,4082630000,0.408420552438012,0,0.2,20,132,0.2,0.1,0.1,6.8e-06,3.101,1.886,-4.89923,1,0,0,0,0,1,18.7,0.65,0.4,0,0,0,0,0,0,0,2.7,-1,0,15,-999,-999,2.4,-1,0,15,-999,-999,123576000,2912.63,1.01728e-06,0,-41.8454,NA,NA,755.14,2198.36,NA,NA,NA,NA,NA,0.725586,0,0,0,0,0,1519930000,184916000,4404890000,0.377341999459691,0,0.2,19.0593,131.071,0.206591,0.0905766,0.102932,6.8e-06,3.101,1.886,-4.89923,1,0,0,0,0,1,18.774,0.65,0.4,0,0,0,0,0,0.00224802,0,2.7089,-1,0.0335688,15,-999,-999,2.36663,-1,-0.0645273,15,-999,-999,123576000,959.736,7.72278e-13,0,-110.182,NA,NA,520.448,618.623,NA,NA,NA,NA,NA,-69.2288,0,0.0740591,0.00148118,0,0,NA,NA,NA,NA,NA,NA,NA,"D100-E0-F1-cod",7,"D100","E0","F1","cod",0.0373228,"#V3.24O",0.416666666666667,FALSE,"D100-E0-F1-cod-7",0.0794957386363636,0.0839537146675733,0.0789344123763358,-0.0760944883718553,NA,0,-0.047035,-0.0070378787878788,0.0329549999999999,-0.0942340000000001,0.0293199999999999,0,0,0,0,0,NA,NA,NA,NA,0,0.00395721925133698,0,0,NA,NA,NA,NA,NA,Inf,NA,0.00329629629629618,0,Inf,0,0,0,-0.0139041666666667,0,-Inf,0,0,0,0
"8",8,1.408e+09,170594000,4082630000,0.411969735195205,0,0.2,20,132,0.2,0.1,0.1,6.8e-06,3.101,1.886,-4.89923,1,0,0,0,0,1,18.7,0.65,0.4,0,0,0,0,0,0,0,2.7,-1,0,15,-999,-999,2.4,-1,0,15,-999,-999,124657000,2916.97,8.31989e-07,0,-41.8454,NA,NA,756.298,2201.58,NA,NA,NA,NA,NA,0.687868,0,0,0,0,0,1482180000,184486000,4308690000,0.386915744692702,0,0.2,18.7158,128.574,0.212754,0.155427,0.106075,6.8e-06,3.101,1.886,-4.89923,1,0,0,0,0,1,18.7729,0.65,0.4,0,0,0,0,0,0.0133209,0,2.76329,-1,0.0915587,15,-999,-999,2.43594,-1,0.0441039,15,-999,-999,124657000,883.145,8.62158e-13,0,-111.761,NA,NA,497.251,565.299,NA,NA,NA,NA,NA,-67.7151,0,0.0708557,0.00141711,0,0,NA,NA,NA,NA,NA,NA,NA,"D100-E0-F1-cod",8,"D100","E0","F1","cod",0.0220504,"#V3.24O",0.45,FALSE,"D100-E0-F1-cod-8",0.0526846590909091,0.0814331101914487,0.0553711700545972,-0.0608151239329064,NA,0,-0.0642099999999999,-0.0259545454545454,0.0637699999999999,0.55427,0.06075,0,0,0,0,0,NA,NA,NA,NA,0,0.00389839572192517,0,0,NA,NA,NA,NA,NA,Inf,NA,0.0234407407407407,0,Inf,0,0,0,0.014975,0,Inf,0,0,0,0
"9",9,1.408e+09,170594000,4082630000,0.411310846194732,0,0.2,20,132,0.2,0.1,0.1,6.8e-06,3.101,1.886,-4.89923,1,0,0,0,0,1,18.7,0.65,0.4,0,0,0,0,0,0,0,2.7,-1,0,15,-999,-999,2.4,-1,0,15,-999,-999,123906000,2919.7,8.05472e-07,0,-41.8454,NA,NA,756.125,2204.33,NA,NA,NA,NA,NA,0.834473,0,0,0,0,0,1546130000,187619000,4484980000,0.371491065734964,0,0.2,20.1446,133.071,0.198534,0.124704,0.090012,6.8e-06,3.101,1.886,-4.89923,1,0,0,0,0,1,18.7772,0.65,0.4,0,0,0,0,0,0.0178928,0,2.73933,-1,0.0679254,15,-999,-999,2.36138,-1,-0.0603053,15,-999,-999,123906000,852.146,7.78994e-13,0,-110.406,NA,NA,461.348,570.173,NA,NA,NA,NA,NA,-69.0451,0,0.0734093,0.00146819,0,0,NA,NA,NA,NA,NA,NA,NA,"D100-E0-F1-cod",9,"D100","E0","F1","cod",0.0385967,"#V3.24O",0.45,FALSE,"D100-E0-F1-cod-9",0.0981036931818182,0.09979835164191,0.0985516688997044,-0.0968118901511186,NA,0,0.00723000000000003,0.00811363636363635,-0.00733000000000011,0.24704,-0.0998800000000001,0,0,0,0,0,NA,NA,NA,NA,0,0.00412834224598937,0,0,NA,NA,NA,NA,NA,Inf,NA,0.0145666666666665,0,Inf,0,0,0,-0.0160916666666666,0,-Inf,0,0,0,0
"10",10,1.408e+09,170594000,4082630000,0.422805887381418,0,0.2,20,132,0.2,0.1,0.1,6.8e-06,3.101,1.886,-4.89923,1,0,0,0,0,1,18.7,0.65,0.4,0,0,0,0,0,0,0,2.7,-1,0,15,-999,-999,2.4,-1,0,15,-999,-999,127768000,2919.35,8.70025e-07,0,-41.8454,NA,NA,756.81,2203.2,NA,NA,NA,NA,NA,0.939372,0,0,0,0,0,1544320000,186530000,4473970000,0.378896148163711,0,0.2,19.3558,131.791,0.201678,0.119471,0.101191,6.8e-06,3.101,1.886,-4.89923,1,0,0,0,0,1,18.7902,0.65,0.4,0,0,0,0,0,0.00649558,0,2.64264,-1,-0.0773535,15,-999,-999,2.43258,-1,0.0161442,15,-999,-999,127768000,869.169,7.19721e-13,0,-115.063,NA,NA,517.676,535.347,NA,NA,NA,NA,NA,-68.8665,0,0.0742141,0.00148428,0,0,NA,NA,NA,NA,NA,NA,NA,"D100-E0-F1-cod",10,"D100","E0","F1","cod",0.0648255,"#V3.24O",0.466666666666667,FALSE,"D100-E0-F1-cod-10",0.0968181818181818,0.0934147742593526,0.0958548778605948,-0.103853187782354,NA,0,-0.0322100000000001,-0.00158333333333336,0.00838999999999993,0.19471,0.01191,0,0,0,0,0,NA,NA,NA,NA,0,0.00482352941176467,0,0,NA,NA,NA,NA,NA,Inf,NA,-0.0212444444444445,0,-Inf,0,0,0,0.0135750000000001,0,Inf,0,0,0,0
"11",11,1.408e+09,170594000,4082630000,0.412231821154501,0,0.2,20,132,0.2,0.1,0.1,6.8e-06,3.101,1.886,-4.89923,1,0,0,0,0,1,18.7,0.65,0.4,0,0,0,0,0,0,0,2.7,-1,0,15,-999,-999,2.4,-1,0,15,-999,-999,124532000,2920.65,8.02819e-07,0,-41.8454,NA,NA,756.543,2204.85,NA,NA,NA,NA,NA,0.855007,0,0,0,0,0,1515250000,188514000,4402350000,0.374379592717526,0,0.2,18.5065,127.83,0.216901,0.131627,0.115555,6.8e-06,3.101,1.886,-4.89923,1,0,0,0,0,1,18.7941,0.65,0.4,0,0,0,0,0,0.0114889,0,2.68269,-1,-0.0300429,15,-999,-999,2.40108,-1,0.0051837,15,-999,-999,124532000,835.86,7.27421e-13,0,-114.175,NA,NA,489.698,528.1,NA,NA,NA,NA,NA,-67.8385,0,0.0738221,0.00147644,0,0,NA,NA,NA,NA,NA,NA,NA,"D100-E0-F1-cod",11,"D100","E0","F1","cod",0.292634,"#V3.24O",0.466666666666667,FALSE,"D100-E0-F1-cod-11",0.076171875,0.105044726074774,0.0783122643981943,-0.0918226747536511,NA,0,-0.074675,-0.0315909090909091,0.084505,0.31627,0.15555,0,0,0,0,0,NA,NA,NA,NA,0,0.00503208556149738,0,0,NA,NA,NA,NA,NA,Inf,NA,-0.00641111111111117,0,-Inf,0,0,0,0.000449999999999987,0,Inf,0,0,0,0
"12",12,1.408e+09,170594000,4082630000,0.418923586021756,0,0.2,20,132,0.2,0.1,0.1,6.8e-06,3.101,1.886,-4.89923,1,0,0,0,0,1,18.7,0.65,0.4,0,0,0,0,0,0,0,2.7,-1,0,15,-999,-999,2.4,-1,0,15,-999,-999,126663000,2921.93,8.38198e-07,0,-41.8454,NA,NA,757.052,2205.59,NA,NA,NA,NA,NA,0.885181,0,0,0,0,0,1539920000,187595000,4466570000,0.372249847198186,0,0.2,19.5225,131.883,0.203209,0.0916789,0.10386,6.8e-06,3.101,1.886,-4.89923,1,0,0,0,0,1,18.7808,0.65,0.4,0,0,0,0,0,0.0269365,0,2.7474,-1,0.0478088,15,-999,-999,2.41587,-1,-0.00522877,15,-999,-999,126663000,906.846,9.08047e-13,0,-109.819,NA,NA,502.128,582.957,NA,NA,NA,NA,NA,-68.4937,0,0.0721408,0.00144282,0,0,NA,NA,NA,NA,NA,NA,NA,"D100-E0-F1-cod",12,"D100","E0","F1","cod",0.202534,"#V3.24O",0.466666666666667,FALSE,"D100-E0-F1-cod-12",0.0936931818181818,0.099657666740917,0.0940423207589226,-0.111413490146974,NA,0,-0.023875,-0.000886363636363562,0.0160449999999999,-0.0832110000000001,0.0385999999999999,0,0,0,0,0,NA,NA,NA,NA,0,0.00432085561497326,0,0,NA,NA,NA,NA,NA,Inf,NA,0.0175555555555554,0,Inf,0,0,0,0.00661250000000002,0,-Inf,0,0,0,0
"13",13,1.408e+09,170594000,4082630000,0.401809617819886,0,0.2,20,132,0.2,0.1,0.1,6.8e-06,3.101,1.886,-4.89923,1,0,0,0,0,1,18.7,0.65,0.4,0,0,0,0,0,0,0,2.7,-1,0,15,-999,-999,2.4,-1,0,15,-999,-999,121404000,2910.52,8.36628e-07,0,-41.8454,NA,NA,755.262,2196.2,NA,NA,NA,NA,NA,0.646486,0,0,0,0,0,1565560000,188693000,4536420000,0.370208225869739,0,0.2,20.1707,131.763,0.198951,0.101296,0.0946848,6.8e-06,3.101,1.886,-4.89923,1,0,0,0,0,1,18.8165,0.65,0.4,0,0,0,0,0,-0.0335021,0,2.65297,-1,-0.0303653,15,-999,-999,2.36187,-1,-0.0371038,15,-999,-999,121404000,881.178,4.12545e-13,0,-112.235,NA,NA,495.957,565.117,NA,NA,NA,NA,NA,-67.7382,0,0.0752186,0.00150437,0,0,NA,NA,NA,NA,NA,NA,NA,"D100-E0-F1-cod",13,"D100","E0","F1","cod",0.00418873,"#V3.24O",0.45,FALSE,"D100-E0-F1-cod-13",0.111903409090909,0.106094000961347,0.111151390157815,-0.0786476742931339,NA,0,0.008535,-0.00179545454545451,-0.00524500000000011,0.0129599999999999,-0.0531520000000001,0,0,0,0,0,NA,NA,NA,NA,0,0.00622994652406428,0,0,NA,NA,NA,NA,NA,-Inf,NA,-0.0174185185185186,0,-Inf,0,0,0,-0.0158874999999999,0,-Inf,0,0,0,0
"14",14,1.408e+09,170594000,4082630000,0.424008543512393,0,0.2,20,132,0.2,0.1,0.1,6.8e-06,3.101,1.886,-4.89923,1,0,0,0,0,1,18.7,0.65,0.4,0,0,0,0,0,0,0,2.7,-1,0,15,-999,-999,2.4,-1,0,15,-999,-999,127938000,2920.74,1.07849e-06,0,-41.8454,NA,NA,756.759,2204.92,NA,NA,NA,NA,NA,0.664735,0,0,0,0,0,1551010000,186337000,4500600000,0.402110829667156,0,0.2,22.3828,132.689,0.190619,0.0604224,0.100065,6.8e-06,3.101,1.886,-4.89923,1,0,0,0,0,1,18.8126,0.65,0.4,0,0,0,0,0,-0.0495142,0,2.65704,-1,-0.0318722,15,-999,-999,2.33911,-1,-0.0914788,15,-999,-999,127938000,912.864,3.46436e-13,0,-113.513,NA,NA,525.846,568.508,NA,NA,NA,NA,NA,-68.055,0,0.0760053,0.00152011,0,0,NA,NA,NA,NA,NA,NA,NA,"D100-E0-F1-cod",14,"D100","E0","F1","cod",0.0506438,"#V3.24O",0.433333333333333,FALSE,"D100-E0-F1-cod-14",0.101569602272727,0.0922834331805339,0.102377634025126,-0.0516445108955616,NA,0,0.11914,0.00521969696969692,-0.046905,-0.395776,0.000649999999999956,0,0,0,0,0,NA,NA,NA,NA,0,0.00602139037433158,0,0,NA,NA,NA,NA,NA,-Inf,NA,-0.0159111111111112,0,-Inf,0,0,0,-0.0253708333333334,0,-Inf,0,0,0,0
"15",15,1.408e+09,170594000,4082630000,0.412001577414559,0,0.2,20,132,0.2,0.1,0.1,6.8e-06,3.101,1.886,-4.89923,1,0,0,0,0,1,18.7,0.65,0.4,0,0,0,0,0,0,0,2.7,-1,0,15,-999,-999,2.4,-1,0,15,-999,-999,124345000,2920.42,8.83719e-07,0,-41.8454,NA,NA,756.495,2204.68,NA,NA,NA,NA,NA,0.840358,0,0,0,0,0,1561820000,185269000,4520420000,0.373367961384119,0,0.2,20.4334,135.171,0.188044,0.103436,0.0877432,6.8e-06,3.101,1.886,-4.89923,1,0,0,0,0,1,18.7928,0.65,0.4,0,0,0,0,0,-0.00529096,0,2.72719,-1,0.0457392,15,-999,-999,2.38955,-1,-0.0514082,15,-999,-999,124345000,914.877,5.76552e-13,0,-108.634,NA,NA,489.833,602.571,NA,NA,NA,NA,NA,-68.967,0,0.073233,0.00146466,0,0,NA,NA,NA,NA,NA,NA,NA,"D100-E0-F1-cod",15,"D100","E0","F1","cod",0.00712661,"#V3.24O",0.433333333333333,FALSE,"D100-E0-F1-cod-15",0.109247159090909,0.0860229550863454,0.107232347775821,-0.0937705536781637,NA,0,0.0216699999999999,0.0240227272727272,-0.0597800000000001,0.0343599999999999,-0.122568,0,0,0,0,0,NA,NA,NA,NA,0,0.00496256684491981,0,0,NA,NA,NA,NA,NA,-Inf,NA,0.0100703703703702,0,Inf,0,0,0,-0.0043541666666667,0,-Inf,0,0,0,0
"16",16,1.408e+09,170594000,4082630000,0.421468514168563,0,0.2,20,132,0.2,0.1,0.1,6.8e-06,3.101,1.886,-4.89923,1,0,0,0,0,1,18.7,0.65,0.4,0,0,0,0,0,0,0,2.7,-1,0,15,-999,-999,2.4,-1,0,15,-999,-999,127402000,716.608,7.37672e-07,0,-41.8454,NA,NA,757.283,NA,NA,NA,NA,NA,NA,0.920595,0,0,0,0,0,1571330000,189744000,4558180000,0.388894251653072,0,0.2,18.6645,132.265,0.196341,0.118205,0.100774,6.8e-06,3.101,1.886,-4.89923,1,0,0,0,0,1,18.83,0.65,0.4,0,0,0,0,0,-0.0300258,0,2.35164,-1,-1.39107,15,-999,-999,2.12663,-1,-1.57707,15,-999,-999,127402000,319.463,5.10981e-13,0,-112.919,NA,NA,501.454,NA,NA,NA,NA,NA,NA,-69.1935,0,0.118125,0.0023625,0,0,NA,NA,NA,NA,NA,NA,NA,"D101-E0-F1-cod",1,"D101","E0","F1","cod",0.01481,"#V3.24O",0.8,FALSE,"D101-E0-F1-cod-1",0.116001420454545,0.112254827250665,0.116481287797327,-0.0772875349413721,NA,0,-0.066775,0.00200757575757565,-0.0182950000000001,0.18205,0.00773999999999997,0,0,0,0,0,NA,NA,NA,NA,0,0.00695187165775396,0,0,NA,NA,NA,NA,NA,-Inf,NA,-0.129022222222222,0,-Inf,0,0,0,-0.113904166666667,0,-Inf,0,0,0,0
"17",17,1.408e+09,170594000,4082630000,0.410860156320803,0,0.2,20,132,0.2,0.1,0.1,6.8e-06,3.101,1.886,-4.89923,1,0,0,0,0,1,18.7,0.65,0.4,0,0,0,0,0,0,0,2.7,-1,0,15,-999,-999,2.4,-1,0,15,-999,-999,124420000,713.778,9.9272e-07,0,-41.8454,NA,NA,754.636,NA,NA,NA,NA,NA,NA,0.736827,0,0,0,0,0,1573310000,185987000,4516380000,0.315380902404138,0,0.2,25.7064,133.814,0.220105,0.0161643,0.0951167,6.8e-06,3.101,1.886,-4.89923,1,0,0,0,0,1,18.6416,0.65,0.4,0,0,0,0,0,0.153432,0,3.23215,-1,1.51888,15,-999,-999,3.18921,-1,1.86246,15,-999,-999,124420000,279.995,3.38713e-12,0,-114.251,NA,NA,462.562,NA,NA,NA,NA,NA,NA,-68.3534,0,0.0369876,0.000739752,0,0,NA,NA,NA,NA,NA,NA,NA,"D101-E0-F1-cod",2,"D101","E0","F1","cod",0.347281,"#V3.24O",0.966666666666667,FALSE,"D101-E0-F1-cod-2",0.117407670454545,0.090231778374386,0.106242789574368,-0.232388691012701,NA,0,0.28532,0.0137424242424242,0.100525,-0.838357,-0.0488330000000001,0,0,0,0,0,NA,NA,NA,NA,0,-0.00312299465240636,0,0,NA,NA,NA,NA,NA,Inf,NA,0.197092592592592,0,Inf,0,0,0,0.3288375,0,Inf,0,0,0,0
"18",18,1.408e+09,170594000,4082630000,0.4219828884812,0,0.2,20,132,0.2,0.1,0.1,6.8e-06,3.101,1.886,-4.89923,1,0,0,0,0,1,18.7,0.65,0.4,0,0,0,0,0,0,0,2.7,-1,0,15,-999,-999,2.4,-1,0,15,-999,-999,127824000,715.948,8.66606e-07,0,-41.8454,NA,NA,756.558,NA,NA,NA,NA,NA,NA,0.985471,0,0,0,0,0,1541610000,189551000,4478070000,0.375212982378569,0,0.2,20.3613,129.917,0.206297,0.140181,0.10668,6.8e-06,3.101,1.886,-4.89923,1,0,0,0,0,1,18.7977,0.65,0.4,0,0,0,0,0,0.0130725,0,2.65818,-1,-0.0113228,15,-999,-999,2.39658,-1,0.0455108,15,-999,-999,127824000,359.764,7.01721e-13,0,-113.138,NA,NA,541.561,NA,NA,NA,NA,NA,NA,-68.734,0,0.0737483,0.00147497,0,0,NA,NA,NA,NA,NA,NA,NA,"D101-E0-F1-cod",3,"D101","E0","F1","cod",0.00839594,"#V3.24O",0.633333333333333,FALSE,"D101-E0-F1-cod-3",0.0948934659090909,0.111123486171847,0.0968591324709807,-0.110833655532728,NA,0,0.018065,-0.015780303030303,0.031485,0.40181,0.0667999999999999,0,0,0,0,0,NA,NA,NA,NA,0,0.00522459893048127,0,0,NA,NA,NA,NA,NA,Inf,NA,-0.0154888888888889,0,-Inf,0,0,0,-0.0014249999999999,0,Inf,0,0,0,0
"19",19,1.408e+09,170594000,4082630000,0.413343849430392,0,0.2,20,132,0.2,0.1,0.1,6.8e-06,3.101,1.886,-4.89923,1,0,0,0,0,1,18.7,0.65,0.4,0,0,0,0,0,0,0,2.7,-1,0,15,-999,-999,2.4,-1,0,15,-999,-999,124816000,714.551,9.04281e-07,0,-41.8454,NA,NA,755.345,NA,NA,NA,NA,NA,NA,0.801742,0,0,0,0,0,1577110000,188302000,4548540000,0.376681308727636,0,0.2,14.6547,132.461,0.20174,0.0380738,0.0983716,6.8e-06,3.101,1.886,-4.89923,1,0,0,0,0,1,18.8414,0.65,0.4,0,0,0,0,0,-0.0100914,0,3.39071,-1,0.830923,15,-999,-999,2.19684,-1,-1.63387,15,-999,-999,124816000,258.871,5.39558e-13,0,-113.64,NA,NA,441.842,NA,NA,NA,NA,NA,NA,-69.4157,0,0.0826989,0.00165398,0,0,NA,NA,NA,NA,NA,NA,NA,"D101-E0-F1-cod",4,"D101","E0","F1","cod",0.106517,"#V3.24O",0.75,FALSE,"D101-E0-F1-cod-4",0.120106534090909,0.103802009449336,0.114120064762175,-0.0886974385932651,NA,0,-0.267265,0.00349242424242434,0.00869999999999996,-0.619262,-0.016284,0,0,0,0,0,NA,NA,NA,NA,0,0.00756149732620325,0,0,NA,NA,NA,NA,NA,-Inf,NA,0.255818518518518,0,Inf,0,0,0,-0.08465,0,-Inf,0,0,0,0
"20",20,1.408e+09,170594000,4082630000,0.411134489287543,0,0.2,20,132,0.2,0.1,0.1,6.8e-06,3.101,1.886,-4.89923,1,0,0,0,0,1,18.7,0.65,0.4,0,0,0,0,0,0,0,2.7,-1,0,15,-999,-999,2.4,-1,0,15,-999,-999,124310000,715.782,7.97918e-07,0,-41.8454,NA,NA,756.62,NA,NA,NA,NA,NA,NA,0.757486,0,0,0,0,0,1510880000,184501000,4379520000,0.358957145988602,0,0.2,17.7035,132.564,0.204336,0.099226,0.0937535,6.8e-06,3.101,1.886,-4.89923,1,0,0,0,0,1,18.7593,0.65,0.4,0,0,0,0,0,0.070281,0,3.10532,-1,0.511763,15,-999,-999,2.11749,-1,-1.88236,15,-999,-999,124310000,284.803,1.71127e-12,0,-112.454,NA,NA,465.902,NA,NA,NA,NA,NA,NA,-68.7416,0,0.0937922,0.00187584,0,0,NA,NA,NA,NA,NA,NA,NA,"D101-E0-F1-cod",5,"D101","E0","F1","cod",0.100816,"#V3.24O",0.483333333333333,FALSE,"D101-E0-F1-cod-5",0.0730681818181818,0.0815210382545693,0.0727202807993867,-0.126910645198751,NA,0,-0.114825,0.00427272727272722,0.0216799999999999,-0.00774000000000011,-0.062465,0,0,0,0,0,NA,NA,NA,NA,0,0.00317112299465243,0,0,NA,NA,NA,NA,NA,Inf,NA,0.150118518518518,0,Inf,0,0,0,-0.1177125,0,-Inf,0,0,0,0
"21",21,1.408e+09,170594000,4082630000,0.416910177998006,0,0.2,20,132,0.2,0.1,0.1,6.8e-06,3.101,1.886,-4.89923,1,0,0,0,0,1,18.7,0.65,0.4,0,0,0,0,0,0,0,2.7,-1,0,15,-999,-999,2.4,-1,0,15,-999,-999,126022000,715.228,8.73594e-07,0,-41.8454,NA,NA,756.002,NA,NA,NA,NA,NA,NA,0.821346,0,0,0,0,0,1545570000,187841000,4472550000,0.361169802461683,0,0.2,16.7546,131.818,0.204018,0.0532675,0.108165,6.8e-06,3.101,1.886,-4.89923,1,0,0,0,0,1,18.8051,0.65,0.4,0,0,0,0,0,0.0617491,0,3.33123,-1,0.765389,15,-999,-999,3.11217,-1,0.896815,15,-999,-999,126022000,311.091,1.34251e-12,0,-114.86,NA,NA,495.111,NA,NA,NA,NA,NA,NA,-69.2064,0,0.0450683,0.000901366,0,0,NA,NA,NA,NA,NA,NA,NA,"D101-E0-F1-cod",6,"D101","E0","F1","cod",0.0422384,"#V3.24O",0.5,FALSE,"D101-E0-F1-cod-6",0.0977059659090909,0.101099686976095,0.0955070628491928,-0.133698764093472,NA,0,-0.16227,-0.00137878787878779,0.02009,-0.467325,0.0816499999999999,0,0,0,0,0,NA,NA,NA,NA,0,0.00562032085561498,0,0,NA,NA,NA,NA,NA,Inf,NA,0.233788888888889,0,Inf,0,0,0,0.2967375,0,Inf,0,0,0,0
"22",22,1.408e+09,170594000,4082630000,0.408420552438012,0,0.2,20,132,0.2,0.1,0.1,6.8e-06,3.101,1.886,-4.89923,1,0,0,0,0,1,18.7,0.65,0.4,0,0,0,0,0,0,0,2.7,-1,0,15,-999,-999,2.4,-1,0,15,-999,-999,123576000,714.27,1.01728e-06,0,-41.8454,NA,NA,755.14,NA,NA,NA,NA,NA,NA,0.725586,0,0,0,0,0,1576750000,186115000,4526050000,0.36934413009136,1,0.2,10.1535,131.835,0.214624,0.000500052,0.102739,6.8e-06,3.101,1.886,-4.89923,1,0,0,0,0,1,18.8255,0.65,0.4,0,0,0,0,0,-0.00500694,0,3.40434,-1,0.901559,15,-999,-999,2.15988,-1,-1.60936,15,-999,-999,123576000,320.931,7.35389e-13,0,-111.609,NA,NA,501.807,NA,NA,NA,NA,NA,NA,-69.3506,0,0.0823921,0.00164784,0,0,NA,NA,NA,NA,NA,NA,NA,"D101-E0-F1-cod",7,"D101","E0","F1","cod",0.152126,"#V3.24O",0.6,FALSE,"D101-E0-F1-cod-7",0.119850852272727,0.0909820978463486,0.108611360813985,-0.0956769244676608,Inf,0,-0.492325,-0.00124999999999994,0.07312,-0.99499948,0.0273899999999999,0,0,0,0,0,NA,NA,NA,NA,0,0.00671122994652419,0,0,NA,NA,NA,NA,NA,-Inf,NA,0.260866666666667,0,Inf,0,0,0,-0.10005,0,-Inf,0,0,0,0
"23",23,1.408e+09,170594000,4082630000,0.411969735195205,0,0.2,20,132,0.2,0.1,0.1,6.8e-06,3.101,1.886,-4.89923,1,0,0,0,0,1,18.7,0.65,0.4,0,0,0,0,0,0,0,2.7,-1,0,15,-999,-999,2.4,-1,0,15,-999,-999,124657000,715.391,8.31989e-07,0,-41.8454,NA,NA,756.298,NA,NA,NA,NA,NA,NA,0.687868,0,0,0,0,0,1578310000,190998000,4577600000,0.412692240475358,0,0.2,21.1331,131.164,0.196482,0.0856261,0.100945,6.8e-06,3.101,1.886,-4.89923,1,0,0,0,0,1,18.8417,0.65,0.4,0,0,0,0,0,-0.119289,0,2.8442,-1,0.302286,15,-999,-999,2.00411,-1,-0.994751,15,-999,-999,124657000,297.086,1.56403e-13,0,-112.696,NA,NA,479.253,NA,NA,NA,NA,NA,NA,-69.56,0,0.0863994,0.00172799,0,0,NA,NA,NA,NA,NA,NA,NA,"D101-E0-F1-cod",8,"D101","E0","F1","cod",0.0446038,"#V3.24O",0.533333333333333,FALSE,"D101-E0-F1-cod-8",0.120958806818182,0.11960561332755,0.121238025488472,0.00175378242241666,NA,0,0.0566549999999999,-0.00633333333333343,-0.0175900000000001,-0.143739,0.00944999999999988,0,0,0,0,0,NA,NA,NA,NA,0,0.00757754010695188,0,0,NA,NA,NA,NA,NA,-Inf,NA,0.0534074074074073,0,Inf,0,0,0,-0.164954166666667,0,-Inf,0,0,0,0
"24",24,1.408e+09,170594000,4082630000,0.411310846194732,0,0.2,20,132,0.2,0.1,0.1,6.8e-06,3.101,1.886,-4.89923,1,0,0,0,0,1,18.7,0.65,0.4,0,0,0,0,0,0,0,2.7,-1,0,15,-999,-999,2.4,-1,0,15,-999,-999,123906000,715.364,8.05472e-07,0,-41.8454,NA,NA,756.125,NA,NA,NA,NA,NA,NA,0.834473,0,0,0,0,0,1562950000,186945000,4519140000,0.370351438548042,0,0.2,16.294,134.296,0.194763,0.10102,0.0871555,6.8e-06,3.101,1.886,-4.89923,1,0,0,0,0,1,18.813,0.65,0.4,0,0,0,0,0,0.0170941,0,3.18854,-1,0.543134,15,-999,-999,2.28388,-1,-1.11599,15,-999,-999,123906000,260.159,7.66861e-13,0,-110.905,NA,NA,439.651,NA,NA,NA,NA,NA,NA,-68.6658,0,0.0771249,0.0015425,0,0,NA,NA,NA,NA,NA,NA,NA,"D101-E0-F1-cod",9,"D101","E0","F1","cod",0.0435587,"#V3.24O",0.583333333333333,FALSE,"D101-E0-F1-cod-9",0.110049715909091,0.0958474506723566,0.106918824385261,-0.0995826101490602,NA,0,-0.1853,0.0173939393939393,-0.0261850000000001,0.0101999999999999,-0.128445,0,0,0,0,0,NA,NA,NA,NA,0,0.00604278074866308,0,0,NA,NA,NA,NA,NA,Inf,NA,0.180940740740741,0,Inf,0,0,0,-0.0483833333333333,0,-Inf,0,0,0,0
"25",25,1.408e+09,170594000,4082630000,0.422805887381418,0,0.2,20,132,0.2,0.1,0.1,6.8e-06,3.101,1.886,-4.89923,1,0,0,0,0,1,18.7,0.65,0.4,0,0,0,0,0,0,0,2.7,-1,0,15,-999,-999,2.4,-1,0,15,-999,-999,127768000,716.154,8.70025e-07,0,-41.8454,NA,NA,756.81,NA,NA,NA,NA,NA,NA,0.939372,0,0,0,0,0,1587520000,188144000,4603600000,0.379016421930663,0,0.2,24.7432,136.7,0.182396,0.0195884,0.0925145,6.8e-06,3.101,1.886,-4.89923,1,0,0,0,0,1,18.7781,0.65,0.4,0,0,0,0,0,-0.0264502,0,2.6865,-1,0.152967,15,-999,-999,1.87621,-1,-1.10625,15,-999,-999,127768000,307.34,4.85928e-13,0,-115.763,NA,NA,492.498,NA,NA,NA,NA,NA,NA,-69.49,0,0.0937733,0.00187547,0,0,NA,NA,NA,NA,NA,NA,NA,"D101-E0-F1-cod",10,"D101","E0","F1","cod",0.0394754,"#V3.24O",0.616666666666667,FALSE,"D101-E0-F1-cod-10",0.1275,0.102875833851132,0.127606469359212,-0.103568722095991,NA,0,0.23716,0.0356060606060605,-0.08802,-0.804116,-0.0748550000000001,0,0,0,0,0,NA,NA,NA,NA,0,0.00417647058823525,0,0,NA,NA,NA,NA,NA,-Inf,NA,-0.00500000000000002,0,Inf,0,0,0,-0.218245833333333,0,-Inf,0,0,0,0
"26",26,1.408e+09,170594000,4082630000,0.412231821154501,0,0.2,20,132,0.2,0.1,0.1,6.8e-06,3.101,1.886,-4.89923,1,0,0,0,0,1,18.7,0.65,0.4,0,0,0,0,0,0,0,2.7,-1,0,15,-999,-999,2.4,-1,0,15,-999,-999,124532000,715.802,8.02819e-07,0,-41.8454,NA,NA,756.543,NA,NA,NA,NA,NA,NA,0.855007,0,0,0,0,0,1456380000,184629000,4230270000,0.347653932254915,0,0.2,8.05228,125.999,0.235691,0.160453,0.120983,6.8e-06,3.101,1.886,-4.89923,1,0,0,0,0,1,18.7912,0.65,0.4,0,0,0,0,0,0.131235,0,3.01142,-1,0.0232005,15,-999,-999,2.44124,-1,-0.806099,15,-999,-999,124532000,289.129,3.93423e-12,0,-115.651,NA,NA,473.894,NA,NA,NA,NA,NA,NA,-69.1929,0,0.0765664,0.00153133,0,0,NA,NA,NA,NA,NA,NA,NA,"D101-E0-F1-cod",11,"D101","E0","F1","cod",0.00985296,"#V3.24O",0.0166666666666667,FALSE,"D101-E0-F1-cod-11",0.0343607954545455,0.082271357726532,0.0361629635798493,-0.156654303684583,NA,0,-0.597386,-0.0454621212121212,0.178455,0.60453,0.20983,0,0,0,0,0,NA,NA,NA,NA,0,0.00487700534759362,0,0,NA,NA,NA,NA,NA,Inf,NA,0.115340740740741,0,Inf,0,0,0,0.0171833333333334,0,-Inf,0,0,0,0
"27",27,1.408e+09,170594000,4082630000,0.418923586021756,0,0.2,20,132,0.2,0.1,0.1,6.8e-06,3.101,1.886,-4.89923,1,0,0,0,0,1,18.7,0.65,0.4,0,0,0,0,0,0,0,2.7,-1,0,15,-999,-999,2.4,-1,0,15,-999,-999,126663000,716.342,8.38198e-07,0,-41.8454,NA,NA,757.052,NA,NA,NA,NA,NA,NA,0.885181,0,0,0,0,0,1569250000,187366000,4494680000,0.359671878754439,0,0.2,2.3051,130.166,0.22708,0.0118401,0.111066,6.8e-06,3.101,1.886,-4.89923,1,0,0,0,0,1,18.8509,0.65,0.4,0,0,0,0,0,0.0738311,0,3.97425,-1,1.31672,15,-999,-999,3.9734,-1,1.63522,15,-999,-999,126663000,301.627,1.25391e-12,0,-112.077,NA,NA,482.216,NA,NA,NA,NA,NA,NA,-68.5385,0,0.0258518,0.000517036,0,0,NA,NA,NA,NA,NA,NA,NA,"D101-E0-F1-cod",12,"D101","E0","F1","cod",0.0361366,"#V3.24O",0.0177777777777778,FALSE,"D101-E0-F1-cod-12",0.114524147727273,0.0983152983106088,0.100927588343788,-0.14143798354729,NA,0,-0.884745,-0.0138939393939394,0.1354,-0.881599,0.11066,0,0,0,0,0,NA,NA,NA,NA,0,0.00806951871657754,0,0,NA,NA,NA,NA,NA,Inf,NA,0.471944444444444,0,Inf,0,0,0,0.655583333333333,0,Inf,0,0,0,0
"28",28,1.408e+09,170594000,4082630000,0.401809617819886,0,0.2,20,132,0.2,0.1,0.1,6.8e-06,3.101,1.886,-4.89923,1,0,0,0,0,1,18.7,0.65,0.4,0,0,0,0,0,0,0,2.7,-1,0,15,-999,-999,2.4,-1,0,15,-999,-999,121404000,714.313,8.36628e-07,0,-41.8454,NA,NA,755.262,NA,NA,NA,NA,NA,NA,0.646486,0,0,0,0,0,1627150000,190692000,4677650000,0.411988926063301,0,0.2,15.1624,131.67,0.198903,0.0204638,0.0983225,6.8e-06,3.101,1.886,-4.89923,1,0,0,0,0,1,18.899,0.65,0.4,0,0,0,0,0,-0.169559,0,3.42386,-1,1.00411,15,-999,-999,2.00288,-1,-2.06744,15,-999,-999,121404000,290.382,7.09563e-14,0,-113.628,NA,NA,471.335,NA,NA,NA,NA,NA,NA,-67.4202,0,0.0935934,0.00187187,0,0,NA,NA,NA,NA,NA,NA,NA,"D101-E0-F1-cod",13,"D101","E0","F1","cod",0.0253983,"#V3.24O",0.666666666666667,FALSE,"D101-E0-F1-cod-13",0.155646306818182,0.117811880839889,0.145744287383378,0.0253336600020808,NA,0,-0.24188,-0.00250000000000009,-0.00548500000000007,-0.795362,-0.0167750000000001,0,0,0,0,0,NA,NA,NA,NA,0,0.0106417112299466,0,0,NA,NA,NA,NA,NA,-Inf,NA,0.268096296296296,0,Inf,0,0,0,-0.165466666666667,0,-Inf,0,0,0,0
"29",29,1.408e+09,170594000,4082630000,0.424008543512393,0,0.2,20,132,0.2,0.1,0.1,6.8e-06,3.101,1.886,-4.89923,1,0,0,0,0,1,18.7,0.65,0.4,0,0,0,0,0,0,0,2.7,-1,0,15,-999,-999,2.4,-1,0,15,-999,-999,127938000,715.828,1.07849e-06,0,-41.8454,NA,NA,756.759,NA,NA,NA,NA,NA,NA,0.664735,0,0,0,0,0,1556380000,189489000,4495360000,0.401611884253986,0,0.2,11.4331,127.133,0.22458,0.03036,0.117334,6.8e-06,3.101,1.886,-4.89923,1,0,0,0,0,1,18.8652,0.65,0.4,0,0,0,0,0,-0.0494116,0,2.75252,-1,-0.14984,15,-999,-999,2.1903,-1,-1.51047,15,-999,-999,127938000,312.807,3.73504e-13,0,-113.587,NA,NA,494.695,NA,NA,NA,NA,NA,NA,-68.3986,0,0.0952301,0.0019046,0,0,NA,NA,NA,NA,NA,NA,NA,"D101-E0-F1-cod",14,"D101","E0","F1","cod",0.0446391,"#V3.24O",0.6,FALSE,"D101-E0-F1-cod-14",0.105383522727273,0.110760050177615,0.101094147645023,-0.0528212452345371,NA,0,-0.428345,-0.0368712121212122,0.1229,-0.6964,0.17334,0,0,0,0,0,NA,NA,NA,NA,0,0.0088342245989306,0,0,NA,NA,NA,NA,NA,-Inf,NA,0.0194518518518518,0,-Inf,0,0,0,-0.0873749999999999,0,-Inf,0,0,0,0
"30",30,1.408e+09,170594000,4082630000,0.412001577414559,0,0.2,20,132,0.2,0.1,0.1,6.8e-06,3.101,1.886,-4.89923,1,0,0,0,0,1,18.7,0.65,0.4,0,0,0,0,0,0,0,2.7,-1,0,15,-999,-999,2.4,-1,0,15,-999,-999,124345000,715.74,8.83719e-07,0,-41.8454,NA,NA,756.495,NA,NA,NA,NA,NA,NA,0.840358,0,0,0,0,0,1540010000,183839000,4459840000,0.359999461864103,0,0.2,22.5187,134.219,0.200212,0.060451,0.0931739,6.8e-06,3.101,1.886,-4.89923,1,0,0,0,0,1,18.726,0.65,0.4,0,0,0,0,0,0.0401697,0,2.35948,-1,-0.431647,15,-999,-999,1.64949,-1,-1.27294,15,-999,-999,124345000,283.171,1.19233e-12,0,-111.135,NA,NA,462.542,NA,NA,NA,NA,NA,NA,-68.3499,0,0.111617,0.00223233,0,0,NA,NA,NA,NA,NA,NA,NA,"D101-E0-F1-cod",15,"D101","E0","F1","cod",0.0139886,"#V3.24O",0.716666666666667,FALSE,"D101-E0-F1-cod-15",0.0937571022727273,0.0776404797355124,0.0923938735569964,-0.126218243815438,NA,0,0.125935,0.016810606060606,0.00105999999999995,-0.39549,-0.068261,0,0,0,0,0,NA,NA,NA,NA,0,0.00139037433155079,0,0,NA,NA,NA,NA,NA,Inf,NA,-0.126118518518519,0,-Inf,0,0,0,-0.3127125,0,-Inf,0,0,0,0
"31",31,1.408e+09,170594000,4082630000,0.421468514168563,0,0.2,20,132,0.2,0.1,0.1,6.8e-06,3.101,1.886,-4.89923,1,0,0,0,0,1,18.7,0.65,0.4,0,0,0,0,0,0,0,2.7,-1,0,15,-999,-999,2.4,-1,0,15,-999,-999,127402000,90204.3,7.37672e-07,0,-41.8454,NA,NA,757.283,89487.7,NA,NA,NA,NA,NA,0.920595,0,0,0,0,0,1557920000,188048000,4518170000,0.38594165336851,0,0.2,19.9536,131.803,0.200903,0.093363,0.104677,6.8e-06,3.101,1.886,-4.89923,1,0,0,0,0,1,18.8005,0.65,0.4,0,0,0,0,0,-0.00903591,0,2.33168,-1,-1.10661,15,-999,-999,2.4901,-1,0.16416,15,-999,-999,127402000,2266.39,6.07566e-13,0,-113.625,NA,NA,514.033,1934.73,NA,NA,NA,NA,NA,-68.8377,0,0.0881338,0.00176268,0,0,NA,NA,NA,NA,NA,NA,NA,"D102-E0-F1-cod",1,"D102","E0","F1","cod",0.0699926,"#V3.24O",0.966666666666667,FALSE,"D102-E0-F1-cod-1",0.106477272727273,0.10231309424716,0.106681232440853,-0.0842930363852621,NA,0,-0.00231999999999992,-0.00149242424242426,0.00451499999999994,-0.06637,0.04677,0,0,0,0,0,NA,NA,NA,NA,0,0.00537433155080215,0,0,NA,NA,NA,NA,NA,-Inf,NA,-0.136414814814815,0,-Inf,0,0,0,0.0375416666666667,0,Inf,0,0,0,0
"32",32,1.408e+09,170594000,4082630000,0.410860156320803,0,0.2,20,132,0.2,0.1,0.1,6.8e-06,3.101,1.886,-4.89923,1,0,0,0,0,1,18.7,0.65,0.4,0,0,0,0,0,0,0,2.7,-1,0,15,-999,-999,2.4,-1,0,15,-999,-999,124420000,90128.4,9.9272e-07,0,-41.8454,NA,NA,754.636,89414.6,NA,NA,NA,NA,NA,0.736827,0,0,0,0,0,1518790000,183922000,4401130000,0.372547504845347,0,0.2,20.947,132.908,0.19641,0.100842,0.0999131,6.8e-06,3.101,1.886,-4.89923,1,0,0,0,0,1,18.7641,0.65,0.4,0,0,0,0,0,0.0203758,0,3.17727,-1,0.762369,15,-999,-999,2.76,-1,0.685931,15,-999,-999,124420000,2146.12,7.18257e-13,0,-113.36,NA,NA,475.887,1851.85,NA,NA,NA,NA,NA,-68.3056,0,0.0520228,0.00104046,0,0,NA,NA,NA,NA,NA,NA,NA,"D102-E0-F1-cod",2,"D102","E0","F1","cod",0.0398885,"#V3.24O",0.8,FALSE,"D102-E0-F1-cod-2",0.0786860795454545,0.0781270150181132,0.0780134374165673,-0.0932498585858036,NA,0,0.04735,0.00687878787878778,-0.01795,0.00841999999999996,-0.000869000000000009,0,0,0,0,0,NA,NA,NA,NA,0,0.00342780748663101,0,0,NA,NA,NA,NA,NA,Inf,NA,0.176766666666667,0,Inf,0,0,0,0.15,0,Inf,0,0,0,0
"33",33,1.408e+09,170594000,4082630000,0.4219828884812,0,0.2,20,132,0.2,0.1,0.1,6.8e-06,3.101,1.886,-4.89923,1,0,0,0,0,1,18.7,0.65,0.4,0,0,0,0,0,0,0,2.7,-1,0,15,-999,-999,2.4,-1,0,15,-999,-999,127824000,90184.3,8.66606e-07,0,-41.8454,NA,NA,756.558,89468.3,NA,NA,NA,NA,NA,0.985471,0,0,0,0,0,1556620000,187900000,4513790000,0.371853807997271,0,0.2,20.5585,132.505,0.197078,0.100335,0.100922,6.8e-06,3.101,1.886,-4.89923,1,0,0,0,0,1,18.7979,0.65,0.4,0,0,0,0,0,0.0151952,0,2.64668,-1,-0.0932472,15,-999,-999,2.46479,-1,0.0957007,15,-999,-999,127824000,2206.81,7.09801e-13,0,-112.01,NA,NA,552.92,1834.16,NA,NA,NA,NA,NA,-68.3387,0,0.0731569,0.00146314,0,0,NA,NA,NA,NA,NA,NA,NA,"D102-E0-F1-cod",3,"D102","E0","F1","cod",0.296672,"#V3.24O",0.816666666666667,FALSE,"D102-E0-F1-cod-3",0.105553977272727,0.101445537357703,0.105608394588782,-0.118794107183714,NA,0,0.0279249999999999,0.00382575757575754,-0.01461,0.00334999999999988,0.00921999999999992,0,0,0,0,0,NA,NA,NA,NA,0,0.00523529411764702,0,0,NA,NA,NA,NA,NA,Inf,NA,-0.0197481481481482,0,-Inf,0,0,0,0.0269958333333333,0,Inf,0,0,0,0
"34",34,1.408e+09,170594000,4082630000,0.413343849430392,0,0.2,20,132,0.2,0.1,0.1,6.8e-06,3.101,1.886,-4.89923,1,0,0,0,0,1,18.7,0.65,0.4,0,0,0,0,0,0,0,2.7,-1,0,15,-999,-999,2.4,-1,0,15,-999,-999,124816000,90201.6,9.04281e-07,0,-41.8454,NA,NA,755.345,89487.1,NA,NA,NA,NA,NA,0.801742,0,0,0,0,0,1535160000,186512000,4451920000,0.386954392711459,0,0.2,20.6642,131.446,0.200156,0.103139,0.09922,6.8e-06,3.101,1.886,-4.89923,1,0,0,0,0,1,18.7925,0.65,0.4,0,0,0,0,0,-0.0161342,0,2.86533,-1,0.347442,15,-999,-999,2.43673,-1,0.141204,15,-999,-999,124816000,2121.07,4.80325e-13,0,-112.687,NA,NA,456.781,1845.32,NA,NA,NA,NA,NA,-68.4177,0,0.0667826,0.00133565,0,0,NA,NA,NA,NA,NA,NA,NA,"D102-E0-F1-cod",4,"D102","E0","F1","cod",0.116276,"#V3.24O",0.75,FALSE,"D102-E0-F1-cod-4",0.0903125,0.0933092605836079,0.0904539475779093,-0.0638438354781351,NA,0,0.0332100000000001,-0.00419696969696971,0.000779999999999947,0.0313899999999999,-0.00780000000000003,0,0,0,0,0,NA,NA,NA,NA,0,0.00494652406417118,0,0,NA,NA,NA,NA,NA,-Inf,NA,0.0612333333333333,0,Inf,0,0,0,0.0153041666666666,0,Inf,0,0,0,0
"35",35,1.408e+09,170594000,4082630000,0.411134489287543,0,0.2,20,132,0.2,0.1,0.1,6.8e-06,3.101,1.886,-4.89923,1,0,0,0,0,1,18.7,0.65,0.4,0,0,0,0,0,0,0,2.7,-1,0,15,-999,-999,2.4,-1,0,15,-999,-999,124310000,90194.3,7.97918e-07,0,-41.8454,NA,NA,756.62,89478.5,NA,NA,NA,NA,NA,0.757486,0,0,0,0,0,1497990000,183046000,4343420000,0.382074494292516,0,0.2,18.9966,131.581,0.203924,0.100781,0.0992045,6.8e-06,3.101,1.886,-4.89923,1,0,0,0,0,1,18.7616,0.65,0.4,0,0,0,0,0,0.0110018,0,3.08473,-1,0.56433,15,-999,-999,2.00703,-1,-1.32611,15,-999,-999,124310000,2152.15,7.95061e-13,0,-113.079,NA,NA,479.396,1853.95,NA,NA,NA,NA,NA,-68.2075,0,0.0861824,0.00172365,0,0,NA,NA,NA,NA,NA,NA,NA,"D102-E0-F1-cod",5,"D102","E0","F1","cod",0.00459305,"#V3.24O",0.716666666666667,FALSE,"D102-E0-F1-cod-5",0.0639133522727273,0.0729920161318686,0.0638779414250128,-0.0706824548954411,NA,0,-0.05017,-0.00317424242424251,0.0196199999999999,0.0078099999999999,-0.00795500000000005,0,0,0,0,0,NA,NA,NA,NA,0,0.00329411764705894,0,0,NA,NA,NA,NA,NA,Inf,NA,0.142492592592593,0,Inf,0,0,0,-0.1637375,0,-Inf,0,0,0,0
"36",36,1.408e+09,170594000,4082630000,0.416910177998006,0,0.2,20,132,0.2,0.1,0.1,6.8e-06,3.101,1.886,-4.89923,1,0,0,0,0,1,18.7,0.65,0.4,0,0,0,0,0,0,0,2.7,-1,0,15,-999,-999,2.4,-1,0,15,-999,-999,126022000,90187.6,8.73594e-07,0,-41.8454,NA,NA,756.002,89472.4,NA,NA,NA,NA,NA,0.821346,0,0,0,0,0,1550560000,187880000,4498950000,0.370446437502084,0,0.2,20.9327,132.504,0.196717,0.0974998,0.1003,6.8e-06,3.101,1.886,-4.89923,1,0,0,0,0,1,18.7939,0.65,0.4,0,0,0,0,0,0.0242196,0,2.73792,-1,0.0755766,15,-999,-999,2.74976,-1,0.621111,15,-999,-999,126022000,2171.51,8.3761e-13,0,-114.444,NA,NA,508.532,1845.54,NA,NA,NA,NA,NA,-68.1786,0,0.0627413,0.00125483,0,0,NA,NA,NA,NA,NA,NA,NA,"D102-E0-F1-cod",6,"D102","E0","F1","cod",0.0218784,"#V3.24O",0.716666666666667,FALSE,"D102-E0-F1-cod-6",0.10125,0.101328299940209,0.101973482779483,-0.111447844039308,NA,0,0.046635,0.00381818181818175,-0.016415,-0.0250020000000001,0.00299999999999995,0,0,0,0,0,NA,NA,NA,NA,0,0.00502139037433163,0,0,NA,NA,NA,NA,NA,Inf,NA,0.0140444444444443,0,Inf,0,0,0,0.145733333333333,0,Inf,0,0,0,0
"37",37,1.408e+09,170594000,4082630000,0.408420552438012,0,0.2,20,132,0.2,0.1,0.1,6.8e-06,3.101,1.886,-4.89923,1,0,0,0,0,1,18.7,0.65,0.4,0,0,0,0,0,0,0,2.7,-1,0,15,-999,-999,2.4,-1,0,15,-999,-999,123576000,90155.3,1.01728e-06,0,-41.8454,NA,NA,755.14,89441,NA,NA,NA,NA,NA,0.725586,0,0,0,0,0,1519070000,184030000,4400010000,0.375258238049459,0,0.2,19.2835,131.717,0.203813,0.0958592,0.101333,6.8e-06,3.101,1.886,-4.89923,1,0,0,0,0,1,18.7693,0.65,0.4,0,0,0,0,0,0.00797378,0,2.79493,-1,0.206554,15,-999,-999,2.36484,-1,-0.0439669,15,-999,-999,123576000,2163.1,8.32616e-13,0,-111.394,NA,NA,517.684,1825.53,NA,NA,NA,NA,NA,-68.7886,0,0.071378,0.00142756,0,0,NA,NA,NA,NA,NA,NA,NA,"D102-E0-F1-cod",7,"D102","E0","F1","cod",0.000289992,"#V3.24O",0.7,FALSE,"D102-E0-F1-cod-7",0.0788849431818182,0.0787600970725817,0.0777391044498277,-0.081196487763887,NA,0,-0.035825,-0.0021439393939393,0.0190649999999999,-0.041408,0.01333,0,0,0,0,0,NA,NA,NA,NA,0,0.00370588235294128,0,0,NA,NA,NA,NA,NA,Inf,NA,0.0351592592592592,0,Inf,0,0,0,-0.0146499999999999,0,-Inf,0,0,0,0
"38",38,1.408e+09,170594000,4082630000,0.411969735195205,0,0.2,20,132,0.2,0.1,0.1,6.8e-06,3.101,1.886,-4.89923,1,0,0,0,0,1,18.7,0.65,0.4,0,0,0,0,0,0,0,2.7,-1,0,15,-999,-999,2.4,-1,0,15,-999,-999,124657000,90159.2,8.31989e-07,0,-41.8454,NA,NA,756.298,89443.8,NA,NA,NA,NA,NA,0.687868,0,0,0,0,0,1532420000,186159000,4445550000,0.386046720878182,0,0.2,19.7387,131.793,0.200552,0.104242,0.0968291,6.8e-06,3.101,1.886,-4.89923,1,0,0,0,0,1,18.7903,0.65,0.4,0,0,0,0,0,-0.0185881,0,2.65772,-1,-0.126304,15,-999,-999,2.26338,-1,-0.398762,15,-999,-999,124657000,2122.03,5.78169e-13,0,-111.548,NA,NA,485.335,1816.56,NA,NA,NA,NA,NA,-68.3958,0,0.0809032,0.00161806,0,0,NA,NA,NA,NA,NA,NA,NA,"D102-E0-F1-cod",8,"D102","E0","F1","cod",0.0782241,"#V3.24O",0.716666666666667,FALSE,"D102-E0-F1-cod-8",0.0883664772727273,0.0912400201648358,0.088893678829578,-0.0629245599916214,NA,0,-0.0130649999999999,-0.00156818181818177,0.00275999999999998,0.04242,-0.031709,0,0,0,0,0,NA,NA,NA,NA,0,0.00482887700534755,0,0,NA,NA,NA,NA,NA,-Inf,NA,-0.0156592592592594,0,-Inf,0,0,0,-0.0569249999999999,0,-Inf,0,0,0,0
"39",39,1.408e+09,170594000,4082630000,0.411310846194732,0,0.2,20,132,0.2,0.1,0.1,6.8e-06,3.101,1.886,-4.89923,1,0,0,0,0,1,18.7,0.65,0.4,0,0,0,0,0,0,0,2.7,-1,0,15,-999,-999,2.4,-1,0,15,-999,-999,123906000,90211.6,8.05472e-07,0,-41.8454,NA,NA,756.125,89496.3,NA,NA,NA,NA,NA,0.834473,0,0,0,0,0,1562660000,188808000,4534310000,0.387020296362622,0,0.2,20.3004,132.353,0.198353,0.103197,0.0964981,6.8e-06,3.101,1.886,-4.89923,1,0,0,0,0,1,18.8036,0.65,0.4,0,0,0,0,0,-0.0326571,0,2.37707,-1,-0.927786,15,-999,-999,2.41963,-1,0.0100012,15,-999,-999,123906000,2128.03,3.76531e-13,0,-111.652,NA,NA,453.75,1853.48,NA,NA,NA,NA,NA,-67.6404,0,0.0873673,0.00174735,0,0,NA,NA,NA,NA,NA,NA,NA,"D102-E0-F1-cod",9,"D102","E0","F1","cod",0.495376,"#V3.24O",0.833333333333333,FALSE,"D102-E0-F1-cod-9",0.10984375,0.106768116111938,0.110634566443689,-0.0590564291139793,NA,0,0.01502,0.00267424242424249,-0.00823500000000005,0.0319699999999999,-0.035019,0,0,0,0,0,NA,NA,NA,NA,0,0.00554010695187167,0,0,NA,NA,NA,NA,NA,-Inf,NA,-0.119603703703704,0,-Inf,0,0,0,0.00817916666666678,0,Inf,0,0,0,0
"40",40,1.408e+09,170594000,4082630000,0.422805887381418,0,0.2,20,132,0.2,0.1,0.1,6.8e-06,3.101,1.886,-4.89923,1,0,0,0,0,1,18.7,0.65,0.4,0,0,0,0,0,0,0,2.7,-1,0,15,-999,-999,2.4,-1,0,15,-999,-999,127768000,90169.7,8.70025e-07,0,-41.8454,NA,NA,756.81,89453.6,NA,NA,NA,NA,NA,0.939372,0,0,0,0,0,1542760000,185353000,4466790000,0.389496707926721,0,0.2,19.5017,132.323,0.200099,0.103646,0.0989739,6.8e-06,3.101,1.886,-4.89923,1,0,0,0,0,1,18.7864,0.65,0.4,0,0,0,0,0,-0.0231581,0,2.61064,-1,-0.132387,15,-999,-999,2.09911,-1,-0.889522,15,-999,-999,127768000,2199.26,5.28161e-13,0,-115.23,NA,NA,508.828,1874.77,NA,NA,NA,NA,NA,-69.2001,0,0.0899481,0.00179896,0,0,NA,NA,NA,NA,NA,NA,NA,"D102-E0-F1-cod",10,"D102","E0","F1","cod",0.0624208,"#V3.24O",0.7,FALSE,"D102-E0-F1-cod-10",0.0957102272727273,0.0865153522398209,0.094096207591675,-0.078781257425227,NA,0,-0.024915,0.00244696969696975,0.00049499999999994,0.03646,-0.010261,0,0,0,0,0,NA,NA,NA,NA,0,0.00462032085561503,0,0,NA,NA,NA,NA,NA,-Inf,NA,-0.0330962962962963,0,-Inf,0,0,0,-0.125370833333333,0,-Inf,0,0,0,0
"41",41,1.408e+09,170594000,4082630000,0.412231821154501,0,0.2,20,132,0.2,0.1,0.1,6.8e-06,3.101,1.886,-4.89923,1,0,0,0,0,1,18.7,0.65,0.4,0,0,0,0,0,0,0,2.7,-1,0,15,-999,-999,2.4,-1,0,15,-999,-999,124532000,90211.3,8.02819e-07,0,-41.8454,NA,NA,756.543,89495.5,NA,NA,NA,NA,NA,0.855007,0,0,0,0,0,1506170000,182376000,4367800000,0.374298273730482,0,0.2,19.8363,132.06,0.200591,0.098123,0.101248,6.8e-06,3.101,1.886,-4.89923,1,0,0,0,0,1,18.7644,0.65,0.4,0,0,0,0,0,0.0189553,0,2.57119,-1,-0.300275,15,-999,-999,2.45693,-1,0.0820512,15,-999,-999,124532000,2169.02,7.81198e-13,0,-113.479,NA,NA,482.437,1868.37,NA,NA,NA,NA,NA,-68.3843,0,0.0763588,0.00152718,0,0,NA,NA,NA,NA,NA,NA,NA,"D102-E0-F1-cod",11,"D102","E0","F1","cod",0.0190163,"#V3.24O",0.0177777777777778,FALSE,"D102-E0-F1-cod-11",0.0697230113636364,0.069064562645814,0.0698495822545761,-0.0920199399400606,NA,0,-0.00818499999999993,0.000454545454545472,0.0029549999999999,-0.01877,0.01248,0,0,0,0,0,NA,NA,NA,NA,0,0.00344385026737963,0,0,NA,NA,NA,NA,NA,Inf,NA,-0.0477074074074074,0,-Inf,0,0,0,0.0237208333333333,0,Inf,0,0,0,0
"42",42,1.408e+09,170594000,4082630000,0.418923586021756,0,0.2,20,132,0.2,0.1,0.1,6.8e-06,3.101,1.886,-4.89923,1,0,0,0,0,1,18.7,0.65,0.4,0,0,0,0,0,0,0,2.7,-1,0,15,-999,-999,2.4,-1,0,15,-999,-999,126663000,90206.7,8.38198e-07,0,-41.8454,NA,NA,757.052,89490.4,NA,NA,NA,NA,NA,0.885181,0,0,0,0,0,1539020000,186354000,4460620000,0.392216777039963,0,0.2,21.7598,132.424,0.194753,0.101045,0.102341,6.8e-06,3.101,1.886,-4.89923,1,0,0,0,0,1,18.7879,0.65,0.4,0,0,0,0,0,-0.0200271,0,3.21386,-1,0.840169,15,-999,-999,2.92084,-1,0.925117,15,-999,-999,126663000,2209.96,4.22234e-13,0,-110.127,NA,NA,495.056,1893.07,NA,NA,NA,NA,NA,-68.0866,0,0.0477903,0.000955805,0,0,NA,NA,NA,NA,NA,NA,NA,"D102-E0-F1-cod",12,"D102","E0","F1","cod",0.0149977,"#V3.24O",0.766666666666667,FALSE,"D102-E0-F1-cod-12",0.0930539772727273,0.0923830849854039,0.0925849268731185,-0.0637510273303304,NA,0,0.0879899999999999,0.00321212121212126,-0.026235,0.0104499999999999,0.02341,0,0,0,0,0,NA,NA,NA,NA,0,0.00470053475935835,0,0,NA,NA,NA,NA,NA,-Inf,NA,0.190318518518518,0,Inf,0,0,0,0.217016666666667,0,Inf,0,0,0,0
"43",43,1.408e+09,170594000,4082630000,0.401809617819886,0,0.2,20,132,0.2,0.1,0.1,6.8e-06,3.101,1.886,-4.89923,1,0,0,0,0,1,18.7,0.65,0.4,0,0,0,0,0,0,0,2.7,-1,0,15,-999,-999,2.4,-1,0,15,-999,-999,121404000,90108.8,8.36628e-07,0,-41.8454,NA,NA,755.262,89394.5,NA,NA,NA,NA,NA,0.646486,0,0,0,0,0,1548290000,188716000,4484060000,0.368848766519627,0,0.2,18.7036,130.416,0.207745,0.102753,0.100449,6.8e-06,3.101,1.886,-4.89923,1,0,0,0,0,1,18.8038,0.65,0.4,0,0,0,0,0,-0.015659,0,3.03117,-1,0.573539,15,-999,-999,2.00163,-1,-0.996559,15,-999,-999,121404000,2119.6,5.96314e-13,0,-113.98,NA,NA,487.73,1812.72,NA,NA,NA,NA,NA,-66.9559,0,0.08229,0.0016458,0,0,NA,NA,NA,NA,NA,NA,NA,"D102-E0-F1-cod",13,"D102","E0","F1","cod",0.205722,"#V3.24O",0.716666666666667,FALSE,"D102-E0-F1-cod-13",0.0996377840909091,0.106228823991465,0.0983263239627397,-0.082031016278545,NA,0,-0.0648199999999999,-0.012,0.038725,0.0275299999999999,0.00448999999999991,0,0,0,0,0,NA,NA,NA,NA,0,0.00555080213903742,0,0,NA,NA,NA,NA,NA,-Inf,NA,0.122655555555555,0,Inf,0,0,0,-0.1659875,0,-Inf,0,0,0,0
"44",44,1.408e+09,170594000,4082630000,0.424008543512393,0,0.2,20,132,0.2,0.1,0.1,6.8e-06,3.101,1.886,-4.89923,1,0,0,0,0,1,18.7,0.65,0.4,0,0,0,0,0,0,0,2.7,-1,0,15,-999,-999,2.4,-1,0,15,-999,-999,127938000,90208.7,1.07849e-06,0,-41.8454,NA,NA,756.759,89492.9,NA,NA,NA,NA,NA,0.664735,0,0,0,0,0,1536380000,187092000,4460920000,0.379692978130072,0,0.2,19.6822,130.954,0.203033,0.102821,0.101793,6.8e-06,3.101,1.886,-4.89923,1,0,0,0,0,1,18.7992,0.65,0.4,0,0,0,0,0,0.014861,0,2.27342,-1,-1.60619,15,-999,-999,2.27256,-1,-0.301061,15,-999,-999,127938000,2190.7,8.55816e-13,0,-113.55,NA,NA,510.271,1861.14,NA,NA,NA,NA,NA,-67.2604,0,0.10418,0.00208361,0,0,NA,NA,NA,NA,NA,NA,NA,"D102-E0-F1-cod",14,"D102","E0","F1","cod",0.759816,"#V3.24O",0.916666666666667,FALSE,"D102-E0-F1-cod-14",0.0911789772727273,0.0967091456909387,0.0926584089177809,-0.104515736912329,NA,0,-0.0158899999999999,-0.00792424242424236,0.0151649999999999,0.0282099999999999,0.0179299999999999,0,0,0,0,0,NA,NA,NA,NA,0,0.00530481283422459,0,0,NA,NA,NA,NA,NA,Inf,NA,-0.157992592592593,0,-Inf,0,0,0,-0.0531,0,-Inf,0,0,0,0
"45",45,1.408e+09,170594000,4082630000,0.412001577414559,0,0.2,20,132,0.2,0.1,0.1,6.8e-06,3.101,1.886,-4.89923,1,0,0,0,0,1,18.7,0.65,0.4,0,0,0,0,0,0,0,2.7,-1,0,15,-999,-999,2.4,-1,0,15,-999,-999,124345000,90203.7,8.83719e-07,0,-41.8454,NA,NA,756.495,89487.9,NA,NA,NA,NA,NA,0.840358,0,0,0,0,0,1528220000,184607000,4430320000,0.376616136080464,0,0.2,18.9389,132.121,0.202306,0.0996729,0.0998783,6.8e-06,3.101,1.886,-4.89923,1,0,0,0,0,1,18.7771,0.65,0.4,0,0,0,0,0,0.00532699,0,2.2777,-1,-1.58473,15,-999,-999,2.00147,-1,-1.12967,15,-999,-999,124345000,2135.22,7.50853e-13,0,-111.898,NA,NA,480.921,1834.57,NA,NA,NA,NA,NA,-68.4984,0,0.118136,0.00236272,0,0,NA,NA,NA,NA,NA,NA,NA,"D102-E0-F1-cod",15,"D102","E0","F1","cod",0.184034,"#V3.24O",0.0169444444444444,FALSE,"D102-E0-F1-cod-15",0.0853835227272727,0.0821423965672884,0.0851632403622175,-0.0858866646971351,NA,0,-0.053055,0.000916666666666737,0.01153,-0.00327100000000011,-0.00121700000000002,0,0,0,0,0,NA,NA,NA,NA,0,0.0041229946524065,0,0,NA,NA,NA,NA,NA,Inf,NA,-0.156407407407408,0,-Inf,0,0,0,-0.166054166666667,0,-Inf,0,0,0,0
